scenario_id,scenario_date,fpl_id,aircraft_id,aircraft_type,capacity,passenger_count,load_factor,origin_vertiport_id,origin_vertiport,destination_vertiport_id,destination_vertiport,demand_hour,departure_gate_id,departure_fato_id,arrival_gate_id,arrival_fato_id,gate_out_time,takeoff_time,landing_time,gate_in_time,ready_time,gate_to_takeoff_sec,air_time_sec,landing_to_gate_sec,gate_to_gate_sec,departure_wait_sec,arrival_wait_sec,status
ce68cfea0bd5,2026-06-20,FPL0601001,UAM0041,a2,2,2,1,미아,미아,여의도,여의도,6,gate-1,fato-1,gate-4,fato-3,06:30:00,06:37:30,06:47:23,06:54:13,07:04:13,450,593.93,410,1453.93,0,0,ready
ce68cfea0bd5,2026-06-20,FPL0613001,UAM0042,a2,2,2,1,미아,미아,강남,강남,6,gate-2,fato-2,gate-8,fato-4,06:30:00,06:38:10,06:45:52,06:52:42,07:02:42,490,462.77,410,1362.77,10,0,ready
ce68cfea0bd5,2026-06-20,FPL0602001,UAM0043,a4,4,4,1,미아,미아,잠실,잠실,6,gate-3,fato-1,gate-3,fato-3,06:30:00,06:43:30,06:51:39,06:58:59,07:08:59,810,489.65,440,1739.65,300,99.51,ready
ce68cfea0bd5,2026-06-20,FPL0614001,UAM0044,a4,4,3,0.75,미아,미아,가산,가산,6,gate-4,fato-2,gate-6,fato-3,06:30:00,06:44:10,07:01:54,07:09:44,07:19:44,850,1064.29,470,2384.29,310,282.09,ready
ce68cfea0bd5,2026-06-20,FPL0609001,UAM0045,a6,6,3,0.5,미아,미아,성수,성수,6,gate-5,fato-1,gate-1,fato-4,06:30:00,06:49:30,06:58:49,07:07:09,07:17:09,1170,559.22,500,2229.22,720,221.15,ready
ce68cfea0bd5,2026-06-20,FPL0617001,UAM0046,a6,6,3,0.5,미아,미아,수서,수서,6,gate-6,fato-2,gate-5,fato-4,06:30:00,06:50:10,07:03:56,07:12:16,07:22:16,1210,826.87,500,2536.87,730,345.74,ready
ce68cfea0bd5,2026-06-20,FPL0611001,UAM0047,a8,8,3,0.375,미아,미아,천호,천호,6,gate-7,fato-1,gate-7,fato-4,06:30:00,06:55:30,07:09:36,07:16:56,07:26:56,1530,846.54,440,2816.54,1020,86.54,ready
ce68cfea0bd5,2026-06-20,FPL0605001,UAM0048,a8,8,2,0.25,미아,미아,목동,목동,6,gate-8,fato-2,gate-2,fato-3,06:30:00,06:56:10,07:12:09,07:19:59,07:29:59,1570,959.99,470,2999.99,1030,65.99,ready
ce68cfea0bd5,2026-06-20,FPL0604001,UAM0065,a2,2,2,1,미아,미아,용산,용산,6,gate-4,fato-1,gate-4,fato-3,06:59:59,07:08:59,07:18:35,07:25:25,07:35:25,540,576.06,410,1526.06,0,0,ready
ce68cfea0bd5,2026-06-20,FPL0614002,UAM0049,a2,2,2,1,미아,미아,가산,가산,7,gate-8,fato-2,gate-3,fato-3,07:05:41,07:14:41,07:27:43,07:35:03,07:45:03,540,782.19,440,1762.19,0,0,ready
ce68cfea0bd5,2026-06-20,FPL0609002,UAM0105,a2,2,2,1,미아,미아,성수,성수,7,gate-3,fato-1,gate-4,fato-3,07:07:53,07:16:23,07:23:43,07:30:33,07:40:33,510,440.22,410,1360.22,0,102.15,ready
ce68cfea0bd5,2026-06-20,FPL0617002,UAM0058,a2,2,2,1,미아,미아,수서,수서,7,gate-4,fato-1,gate-8,fato-3,07:38:22,07:48:06,07:56:07,08:02:57,08:12:57,584.19,481.13,410,1475.33,44.19,0,ready
ce68cfea0bd5,2026-06-20,FPL0601002,UAM0124,a4,4,4,1,미아,미아,여의도,여의도,7,gate-8,fato-2,gate-4,fato-3,07:43:18,07:52:18,08:02:11,08:09:01,08:19:01,540,593.93,410,1543.93,0,0,ready
ce68cfea0bd5,2026-06-20,FPL0613002,UAM0032,a8,8,5,0.625,미아,미아,강남,강남,7,gate-3,fato-1,gate-8,fato-4,07:46:27,07:54:57,08:02:39,08:09:29,08:19:29,510,462.77,410,1382.77,0,0,ready
ce68cfea0bd5,2026-06-20,FPL0615001,UAM0084,a4,4,4,1,미아,미아,마곡,마곡,7,gate-7,fato-2,gate-1,fato-3,07:50:47,07:59:17,08:18:02,08:26:22,08:36:22,510,1125.2,500,2135.2,0,264.87,ready
ce68cfea0bd5,2026-06-20,FPL0614003,UAM0098,a2,2,2,1,미아,미아,가산,가산,8,gate-4,fato-1,gate-2,fato-3,08:07:10,08:16:10,08:29:12,08:37:02,08:47:02,540,782.19,470,1792.19,0,0,ready
ce68cfea0bd5,2026-06-20,FPL0609003,UAM0041,a2,2,2,1,미아,미아,성수,성수,8,gate-8,fato-2,gate-4,fato-3,08:07:50,08:16:50,08:22:28,08:29:18,08:39:18,540,338.07,410,1288.07,0,0,ready
ce68cfea0bd5,2026-06-20,FPL0613003,UAM0114,a2,2,2,1,미아,미아,강남,강남,8,gate-3,fato-1,gate-2,fato-4,08:16:31,08:25:01,08:34:16,08:42:06,08:52:06,510,555.31,470,1535.31,0,58.31,ready
ce68cfea0bd5,2026-06-20,FPL0602002,UAM0022,a6,6,6,1,미아,미아,잠실,잠실,8,gate-7,fato-1,gate-3,fato-3,08:22:31,08:31:01,08:37:31,08:44:51,08:54:51,510,390.14,440,1340.14,0,0,ready
ce68cfea0bd5,2026-06-20,FPL0613004,UAM0107,a4,4,4,1,미아,미아,강남,강남,8,gate-2,fato-2,gate-4,fato-4,08:23:41,08:31:41,08:39:23,08:46:13,08:56:13,480,462.77,410,1352.77,0,0,ready
ce68cfea0bd5,2026-06-20,FPL0614004,UAM0070,a6,6,5,0.8333,미아,미아,가산,가산,8,gate-4,fato-1,gate-2,fato-3,08:26:51,08:37:01,08:52:43,09:00:33,09:10:33,610,942.76,470,2022.76,70,160.57,ready
ce68cfea0bd5,2026-06-20,FPL0615002,UAM0027,a4,4,4,1,미아,미아,마곡,마곡,8,gate-8,fato-1,gate-6,fato-3,08:33:21,08:43:10,09:01:15,09:09:05,09:19:05,589.48,1085.18,470,2144.65,49.48,224.84,ready
ce68cfea0bd5,2026-06-20,FPL0605002,UAM0023,a8,8,4,0.5,미아,미아,목동,목동,8,gate-4,fato-1,gate-1,fato-3,08:44:22,08:53:22,09:07:02,09:15:22,09:25:22,540,820.18,500,1860.18,0,83.18,ready
ce68cfea0bd5,2026-06-20,FPL0603001,UAM0108,a4,4,4,1,미아,미아,상암,상암,8,gate-3,fato-2,gate-4,fato-4,08:45:51,08:54:21,09:05:57,09:12:47,09:22:47,510,696.06,410,1616.06,0,0,ready
ce68cfea0bd5,2026-06-20,FPL0608001,UAM0124,a4,4,3,0.75,미아,미아,사당,사당,8,gate-8,fato-1,gate-2,fato-4,08:54:46,09:04:42,09:14:50,09:22:40,09:32:40,596.05,608.5,470,1674.56,56.05,0,ready
ce68cfea0bd5,2026-06-20,FPL0613005,UAM0131,a4,4,4,1,미아,미아,강남,강남,9,gate-4,fato-1,gate-7,fato-4,09:06:53,09:15:53,09:23:35,09:30:55,09:40:55,540,462.77,440,1442.77,0,0,ready
ce68cfea0bd5,2026-06-20,FPL0615003,UAM0087,a8,8,8,1,미아,미아,마곡,마곡,9,gate-8,fato-1,gate-7,fato-4,09:14:28,09:23:28,09:37:48,09:45:08,09:55:08,540,860.34,440,1840.34,0,0,ready
ce68cfea0bd5,2026-06-20,FPL0611002,UAM0077,a6,6,6,1,미아,미아,천호,천호,9,gate-3,fato-2,gate-7,fato-4,09:16:34,09:25:04,09:34:43,09:45:14,09:55:14,510,579.15,630.85,1720,0,413.52,ready
ce68cfea0bd5,2026-06-20,FPL0605003,UAM0061,a6,6,6,1,미아,미아,목동,목동,9,gate-7,fato-1,gate-2,fato-4,09:23:01,09:31:31,09:46:29,09:54:19,10:04:19,510,898.01,470,1878.01,0,193.31,ready
ce68cfea0bd5,2026-06-20,FPL0607001,UAM0052,a4,4,4,1,미아,미아,봉천,봉천,9,gate-4,fato-2,gate-4,fato-3,09:28:12,09:37:12,09:48:32,09:55:22,10:05:22,540,680.69,410,1630.69,0,0,ready
ce68cfea0bd5,2026-06-20,FPL0609004,UAM0096,a8,8,5,0.625,미아,미아,성수,성수,9,gate-2,fato-1,gate-8,fato-3,09:29:52,09:37:52,09:43:30,09:50:20,10:00:20,480,338.07,410,1228.07,0,0,ready
ce68cfea0bd5,2026-06-20,FPL0614005,UAM0101,a6,6,4,0.6667,미아,미아,가산,가산,9,gate-8,fato-2,gate-4,fato-3,09:34:12,09:43:12,09:56:14,10:03:04,10:13:04,540,782.19,410,1732.19,0,0,ready
ce68cfea0bd5,2026-06-20,FPL0617003,UAM0057,a2,2,2,1,미아,미아,수서,수서,9,gate-4,fato-1,gate-8,fato-4,09:46:48,09:55:48,10:03:49,10:10:39,10:20:39,540,481.13,410,1431.13,0,0,ready
ce68cfea0bd5,2026-06-20,FPL0608002,UAM0078,a6,6,3,0.5,미아,미아,사당,사당,9,gate-3,fato-2,gate-4,fato-3,09:47:58,09:56:28,10:06:36,10:13:26,10:23:26,510,608.5,410,1528.5,0,0,ready
ce68cfea0bd5,2026-06-20,FPL0604002,UAM0104,a8,8,3,0.375,미아,미아,용산,용산,9,gate-7,fato-1,gate-4,fato-3,09:52:08,10:01:48,10:11:24,10:18:14,10:28:14,580,576.06,410,1566.06,70,0,ready
ce68cfea0bd5,2026-06-20,FPL0609005,UAM0008,a8,8,8,1,미아,미아,성수,성수,10,gate-8,fato-1,gate-8,fato-3,10:00:18,10:09:18,10:14:56,10:21:46,10:31:46,540,338.07,410,1288.07,0,0,ready
ce68cfea0bd5,2026-06-20,FPL0608003,UAM0011,a4,4,4,1,미아,미아,사당,사당,10,gate-4,fato-1,gate-4,fato-3,10:06:53,10:15:53,10:26:01,10:32:51,10:42:51,540,608.5,410,1558.5,0,0,ready
ce68cfea0bd5,2026-06-20,FPL0617004,UAM0020,a4,4,4,1,미아,미아,수서,수서,10,gate-3,fato-1,gate-2,fato-3,10:14:29,10:22:59,10:31:37,10:39:27,10:49:27,510,518.08,470,1498.08,0,36.95,ready
ce68cfea0bd5,2026-06-20,FPL0615004,UAM0107,a4,4,4,1,미아,미아,마곡,마곡,10,gate-7,fato-2,gate-7,fato-3,10:16:04,10:24:34,10:38:54,10:46:14,10:56:14,510,860.34,440,1810.34,0,0,ready
ce68cfea0bd5,2026-06-20,FPL0601003,UAM0074,a2,2,2,1,미아,미아,여의도,여의도,10,gate-8,fato-1,gate-3,fato-3,10:19:38,10:28:59,10:38:52,10:46:12,10:56:12,561,593.93,440,1594.93,21,0,ready
ce68cfea0bd5,2026-06-20,FPL0603002,UAM0129,a2,2,2,1,미아,미아,상암,상암,10,gate-2,fato-2,gate-3,fato-3,10:22:21,10:30:34,10:43:20,10:50:40,11:00:40,493,766.54,440,1699.54,13,70.48,ready
ce68cfea0bd5,2026-06-20,FPL0611003,UAM0133,a6,6,6,1,미아,미아,천호,천호,10,gate-4,fato-1,gate-2,fato-3,10:28:07,10:37:07,10:45:52,10:53:42,11:03:42,540,525.41,470,1535.41,0,168.93,ready
ce68cfea0bd5,2026-06-20,FPL0613006,UAM0085,a6,6,4,0.6667,미아,미아,강남,강남,10,gate-6,fato-2,gate-2,fato-3,10:31:48,10:39:48,10:50:11,10:58:01,11:08:01,480,623.68,470,1573.68,0,160.9,ready
ce68cfea0bd5,2026-06-20,FPL0605004,UAM0105,a2,2,2,1,미아,미아,목동,목동,10,gate-8,fato-1,gate-8,fato-4,10:41:25,10:50:25,11:02:09,11:08:59,11:18:59,540,704.7,410,1654.7,0,0,ready
ce68cfea0bd5,2026-06-20,FPL0615005,UAM0119,a8,8,3,0.375,미아,미아,마곡,마곡,10,gate-3,fato-2,gate-3,fato-4,10:45:51,10:54:21,11:14:54,11:22:14,11:32:14,510,1233.82,440,2183.82,0,217.82,ready
ce68cfea0bd5,2026-06-20,FPL0605005,UAM0089,a2,2,2,1,미아,미아,목동,목동,10,gate-4,fato-1,gate-4,fato-4,10:47:05,10:56:25,11:08:09,11:14:59,11:24:59,560,704.7,410,1674.7,20,0,ready
ce68cfea0bd5,2026-06-20,FPL0607002,UAM0032,a8,8,3,0.375,미아,미아,봉천,봉천,10,gate-7,fato-2,gate-4,fato-3,10:50:41,11:00:21,11:11:41,11:18:31,11:28:31,580,680.69,410,1670.69,70,0,ready
ce68cfea0bd5,2026-06-20,FPL0602003,UAM0069,a6,6,2,0.3333,미아,미아,잠실,잠실,10,gate-2,fato-1,gate-4,fato-3,10:52:55,11:02:25,11:08:55,11:15:45,11:25:45,570,390.14,410,1370.14,90,0,ready
ce68cfea0bd5,2026-06-20,FPL0614006,UAM0051,a4,4,1,0.25,미아,미아,가산,가산,10,gate-6,fato-2,gate-4,fato-3,10:58:58,11:06:58,11:20:00,11:26:50,11:36:50,480,782.19,410,1672.19,0,0,ready
ce68cfea0bd5,2026-06-20,FPL0609006,UAM0099,a4,4,4,1,미아,미아,성수,성수,11,gate-8,fato-1,gate-4,fato-3,11:04:04,11:13:04,11:18:42,11:25:32,11:35:32,540,338.07,410,1288.07,0,0,ready
ce68cfea0bd5,2026-06-20,FPL0611004,UAM0033,a2,2,2,1,미아,미아,천호,천호,11,gate-4,fato-1,gate-6,fato-4,11:12:56,11:22:39,11:34:05,11:41:55,11:51:55,583.14,686.45,470,1739.6,43.14,58.6,ready
ce68cfea0bd5,2026-06-20,FPL0611005,UAM0087,a8,8,7,0.875,미아,미아,천호,천호,11,gate-3,fato-2,gate-5,fato-4,11:15:26,11:23:56,11:38:55,11:49:34,11:59:34,510,899.6,638.4,2048,0,167,ready
ce68cfea0bd5,2026-06-20,FPL0605006,UAM0108,a4,4,4,1,미아,미아,목동,목동,11,gate-7,fato-1,gate-8,fato-3,11:18:46,11:28:39,11:40:23,11:47:13,11:57:13,593,704.7,410,1707.7,113.14,0,ready
ce68cfea0bd5,2026-06-20,FPL0613007,UAM0060,a4,4,4,1,미아,미아,강남,강남,11,gate-8,fato-2,gate-8,fato-4,11:24:50,11:33:50,11:42:10,11:49:00,11:59:00,540,500.87,410,1450.87,0,38.1,ready
ce68cfea0bd5,2026-06-20,FPL0615006,UAM0006,a6,6,5,0.8333,미아,미아,마곡,마곡,11,gate-2,fato-1,gate-8,fato-4,11:31:07,11:39:07,11:57:45,12:04:35,12:14:35,480,1118.72,410,2008.72,0,258.38,ready
ce68cfea0bd5,2026-06-20,FPL0613008,UAM0129,a2,2,2,1,미아,미아,강남,강남,11,gate-4,fato-1,gate-7,fato-3,11:38:48,11:47:48,11:55:30,12:02:50,12:12:50,540,462.77,440,1442.77,0,0,ready
ce68cfea0bd5,2026-06-20,FPL0609007,UAM0011,a4,4,4,1,미아,미아,성수,성수,11,gate-8,fato-1,gate-3,fato-3,11:47:21,11:56:21,12:01:59,12:09:19,12:19:19,540,338.07,440,1318.07,0,0,ready
ce68cfea0bd5,2026-06-20,FPL0608004,UAM0047,a8,8,4,0.5,미아,미아,사당,사당,11,gate-3,fato-2,gate-6,fato-3,11:48:31,11:57:01,12:10:15,12:18:05,12:28:05,510,794.84,470,1774.84,0,186.34,ready
ce68cfea0bd5,2026-06-20,FPL0607003,UAM0058,a2,2,2,1,미아,미아,봉천,봉천,11,gate-7,fato-1,gate-2,fato-3,11:52:41,12:02:21,12:18:36,12:26:26,12:36:26,580,975.84,470,2025.84,70,295.15,ready
ce68cfea0bd5,2026-06-20,FPL0617005,UAM0135,a8,8,3,0.375,미아,미아,수서,수서,11,gate-2,fato-2,gate-4,fato-3,11:54:19,12:03:01,12:11:02,12:17:52,12:27:52,522,481.13,410,1413.13,42,0,ready
ce68cfea0bd5,2026-06-20,FPL0614007,UAM0025,a2,2,2,1,미아,미아,가산,가산,11,gate-6,fato-1,gate-4,fato-3,11:58:01,12:08:21,12:21:23,12:28:13,12:38:13,620,782.19,410,1812.19,140,0,ready
ce68cfea0bd5,2026-06-20,FPL0602004,UAM0028,a4,4,4,1,미아,미아,잠실,잠실,12,gate-4,fato-2,gate-6,fato-4,12:00:48,12:10:42,12:18:15,12:26:05,12:36:05,594.05,453.28,470,1517.33,54.05,63.14,ready
ce68cfea0bd5,2026-06-20,FPL0607004,UAM0115,a4,4,4,1,미아,미아,봉천,봉천,12,gate-1,fato-1,gate-1,fato-4,12:04:48,12:14:21,12:25:41,12:34:01,12:44:01,573,680.69,500,1753.69,123,0,ready
ce68cfea0bd5,2026-06-20,FPL0601004,UAM0059,a4,4,4,1,미아,미아,여의도,여의도,12,gate-8,fato-1,gate-6,fato-4,12:12:53,12:21:53,12:31:47,12:40:01,12:50:01,540.86,593.93,493.62,1628.41,0.86,23.62,ready
ce68cfea0bd5,2026-06-20,FPL0613009,UAM0091,a4,4,4,1,미아,미아,강남,강남,12,gate-3,fato-2,gate-6,fato-3,12:15:51,12:25:19,12:36:11,12:44:01,12:54:01,568.7,651.42,470,1690.13,58.7,188.65,ready
ce68cfea0bd5,2026-06-20,FPL0608005,UAM0039,a8,8,7,0.875,미아,미아,사당,사당,12,gate-4,fato-1,gate-8,fato-3,12:22:40,12:31:40,12:41:48,12:48:38,12:58:38,540,608.5,410,1558.5,0,0,ready
ce68cfea0bd5,2026-06-20,FPL0605007,UAM0005,a6,6,5,0.8333,미아,미아,목동,목동,12,gate-7,fato-2,gate-4,fato-4,12:24:34,12:33:04,12:47:01,12:53:51,13:03:51,510,837.56,410,1757.56,0,132.87,ready
ce68cfea0bd5,2026-06-20,FPL0617006,UAM0075,a4,4,4,1,미아,미아,수서,수서,12,gate-2,fato-1,gate-3,fato-4,12:28:30,12:37:40,12:45:41,12:53:01,13:03:01,550,481.13,440,1471.13,70,0,ready
ce68cfea0bd5,2026-06-20,FPL0611006,UAM0106,a2,2,2,1,미아,미아,천호,천호,12,gate-6,fato-2,gate-6,fato-4,12:29:54,12:39:04,12:45:00,12:52:59,13:02:59,550,356.48,478.93,1385.41,70,8.93,ready
ce68cfea0bd5,2026-06-20,FPL0603003,UAM0120,a8,8,3,0.375,미아,미아,상암,상암,12,gate-4,fato-1,gate-7,fato-3,12:42:53,12:51:53,13:07:05,13:14:25,13:24:25,540,912.35,440,1892.35,0,216.29,ready
ce68cfea0bd5,2026-06-20,FPL0614008,UAM0048,a8,8,2,0.25,미아,미아,가산,가산,12,gate-8,fato-2,gate-5,fato-3,12:43:33,12:53:38,13:08:51,13:17:11,13:27:11,605.07,913.21,500,2018.29,65.07,131.02,ready
ce68cfea0bd5,2026-06-20,FPL0607005,UAM0130,a2,2,2,1,미아,미아,봉천,봉천,12,gate-3,fato-1,gate-8,fato-3,12:48:13,12:57:53,13:09:13,13:16:03,13:26:03,580,680.69,410,1670.69,70,0,ready
ce68cfea0bd5,2026-06-20,FPL0615007,UAM0084,a4,4,2,0.5,미아,미아,마곡,마곡,12,gate-7,fato-2,gate-8,fato-3,12:51:29,12:59:59,13:16:10,13:23:00,13:33:00,510,971.19,410,1891.19,0,110.85,ready
ce68cfea0bd5,2026-06-20,FPL0609008,UAM0127,a8,8,2,0.25,미아,미아,성수,성수,12,gate-2,fato-1,gate-4,fato-3,12:53:33,13:03:53,13:09:31,13:16:21,13:26:21,620,338.07,410,1368.07,140,0,ready
ce68cfea0bd5,2026-06-20,FPL0602005,UAM0010,a2,2,2,1,미아,미아,잠실,잠실,12,gate-6,fato-2,gate-4,fato-3,12:56:49,13:05:59,13:12:29,13:19:19,13:29:19,550,390.14,410,1350.14,70,0,ready
ce68cfea0bd5,2026-06-20,FPL0617007,UAM0102,a6,6,6,1,미아,미아,수서,수서,13,gate-4,fato-1,gate-4,fato-4,13:01:38,13:10:38,13:18:39,13:25:29,13:35:29,540,481.13,410,1431.13,0,0,ready
ce68cfea0bd5,2026-06-20,FPL0605008,UAM0119,a8,8,6,0.75,미아,미아,목동,목동,13,gate-8,fato-2,gate-4,fato-4,13:03:19,13:12:47,13:24:32,13:31:22,13:41:22,568.69,704.7,410,1683.39,28.69,0,ready
ce68cfea0bd5,2026-06-20,FPL0609009,UAM0122,a2,2,2,1,미아,미아,성수,성수,13,gate-3,fato-1,gate-4,fato-4,13:12:51,13:21:21,13:26:59,13:33:49,13:43:49,510,338.07,410,1258.07,0,0,ready
ce68cfea0bd5,2026-06-20,FPL0611007,UAM0058,a2,2,2,1,미아,미아,천호,천호,13,gate-7,fato-2,gate-3,fato-3,13:15:28,13:23:58,13:29:54,13:37:14,13:47:14,510,356.48,440,1306.48,0,0,ready
ce68cfea0bd5,2026-06-20,FPL0601005,UAM0043,a4,4,4,1,미아,미아,여의도,여의도,13,gate-2,fato-1,gate-8,fato-3,13:18:11,13:27:21,13:37:14,13:44:04,13:54:04,550,593.93,410,1553.93,70,0,ready
ce68cfea0bd5,2026-06-20,FPL0601006,UAM0025,a2,2,2,1,미아,미아,여의도,여의도,13,gate-6,fato-2,gate-3,fato-4,13:20:48,13:29:58,13:39:51,13:47:11,13:57:11,550,593.93,440,1583.93,70,0,ready
ce68cfea0bd5,2026-06-20,FPL0602006,UAM0021,a6,6,6,1,미아,미아,잠실,잠실,13,gate-4,fato-1,gate-8,fato-4,13:24:53,13:33:53,13:40:23,13:47:13,13:57:13,540,390.14,410,1340.14,0,0,ready
ce68cfea0bd5,2026-06-20,FPL0617008,UAM0110,a6,6,5,0.8333,미아,미아,수서,수서,13,gate-8,fato-2,gate-6,fato-4,13:25:44,13:35:58,13:50:11,13:58:01,14:08:01,614,853.51,470,1937.51,74,58.51,ready
ce68cfea0bd5,2026-06-20,FPL0614009,UAM0064,a8,8,4,0.5,미아,미아,가산,가산,13,gate-1,fato-1,gate-3,fato-4,13:31:13,13:39:53,13:53:24,14:00:44,14:10:44,520,811.98,440,1771.98,70,29.78,ready
ce68cfea0bd5,2026-06-20,FPL0615008,UAM0011,a4,4,4,1,미아,미아,마곡,마곡,13,gate-5,fato-2,gate-7,fato-3,13:32:04,13:41:58,13:59:40,14:07:00,14:17:00,594,1062.19,440,2096.19,144,87.19,ready
ce68cfea0bd5,2026-06-20,FPL0608006,UAM0039,a8,8,4,0.5,미아,미아,사당,사당,13,gate-3,fato-1,gate-3,fato-4,13:35:08,13:45:53,13:56:01,14:03:35,14:13:35,645,608.5,453.73,1707.23,135,13.73,ready
ce68cfea0bd5,2026-06-20,FPL0611008,UAM0056,a8,8,4,0.5,미아,미아,천호,천호,13,gate-4,fato-1,gate-8,fato-3,13:49:44,13:58:44,14:07:25,14:14:15,14:24:15,540,521.71,410,1471.71,0,116.71,ready
ce68cfea0bd5,2026-06-20,FPL0613010,UAM0079,a8,8,2,0.25,미아,미아,강남,강남,13,gate-8,fato-1,gate-3,fato-3,13:59:25,14:08:25,14:16:07,14:23:27,14:33:27,540,462.77,440,1442.77,0,0,ready
ce68cfea0bd5,2026-06-20,FPL0605009,UAM0120,a8,8,8,1,미아,미아,목동,목동,14,gate-3,fato-2,gate-2,fato-4,14:03:03,14:11:33,14:26:19,14:34:09,14:44:09,510,886.99,470,1866.99,0,182.29,ready
ce68cfea0bd5,2026-06-20,FPL0613011,UAM0086,a6,6,6,1,미아,미아,강남,강남,14,gate-4,fato-1,gate-4,fato-4,14:07:53,14:16:55,14:24:38,14:31:28,14:41:28,542.69,462.77,410,1415.46,2.69,0,ready
ce68cfea0bd5,2026-06-20,FPL0601007,UAM0081,a2,2,2,1,미아,미아,여의도,여의도,14,gate-7,fato-2,gate-6,fato-4,14:13:23,14:22:42,14:36:19,14:44:09,14:54:09,559.05,817.17,470,1846.22,49.05,223.24,ready
ce68cfea0bd5,2026-06-20,FPL0615009,UAM0032,a8,8,7,0.875,미아,미아,마곡,마곡,14,gate-2,fato-1,gate-8,fato-4,14:14:34,14:23:22,14:37:42,14:44:32,14:54:32,528.05,860.34,410,1798.39,48.05,0,ready
ce68cfea0bd5,2026-06-20,FPL0614010,UAM0050,a2,2,2,1,미아,미아,가산,가산,14,gate-8,fato-2,gate-2,fato-3,14:17:43,14:28:42,14:45:06,14:52:56,15:02:56,659.05,984.85,470,2113.91,119.05,202.66,ready
ce68cfea0bd5,2026-06-20,FPL0607006,UAM0121,a2,2,2,1,미아,미아,봉천,봉천,14,gate-6,fato-1,gate-7,fato-4,14:20:06,14:29:22,14:41:38,14:48:58,14:58:58,556.05,736.78,440,1732.84,76.05,56.09,ready
ce68cfea0bd5,2026-06-20,FPL0611009,UAM0044,a4,4,4,1,미아,미아,천호,천호,14,gate-3,fato-2,gate-4,fato-3,14:23:03,14:34:42,14:43:09,14:49:59,14:59:59,699.05,507.35,410,1616.41,189.05,146.41,ready
ce68cfea0bd5,2026-06-20,FPL0605010,UAM0041,a2,2,2,1,미아,미아,목동,목동,14,gate-1,fato-1,gate-7,fato-3,14:26:23,14:35:22,14:47:06,14:54:26,15:04:26,539.05,704.7,440,1683.75,89.05,0,ready
ce68cfea0bd5,2026-06-20,FPL0608007,UAM0001,a2,2,2,1,미아,미아,사당,사당,14,gate-4,fato-2,gate-4,fato-3,14:28:30,14:40:42,14:50:50,14:57:40,15:07:40,732.05,608.5,410,1750.56,192.05,0,ready
ce68cfea0bd5,2026-06-20,FPL0602007,UAM0129,a2,2,2,1,미아,미아,잠실,잠실,14,gate-7,fato-1,gate-7,fato-3,14:34:18,14:42:48,14:49:18,14:56:38,15:06:38,510,390.14,440,1340.14,0,0,ready
ce68cfea0bd5,2026-06-20,FPL0614011,UAM0104,a8,8,2,0.25,미아,미아,가산,가산,14,gate-8,fato-1,gate-3,fato-4,14:43:32,14:52:32,15:05:34,15:12:54,15:22:54,540,782.19,440,1762.19,0,0,ready
ce68cfea0bd5,2026-06-20,FPL0609010,UAM0109,a6,6,2,0.3333,미아,미아,성수,성수,14,gate-4,fato-2,gate-8,fato-3,14:47:19,14:56:19,15:01:57,15:08:47,15:18:47,540,338.07,410,1288.07,0,0,ready
ce68cfea0bd5,2026-06-20,FPL0603004,UAM0018,a2,2,2,1,미아,미아,상암,상암,15,gate-4,fato-1,gate-8,fato-3,15:12:18,15:21:18,15:32:54,15:39:44,15:49:44,540,696.06,410,1646.06,0,0,ready
ce68cfea0bd5,2026-06-20,FPL0605011,UAM0060,a4,4,4,1,미아,미아,목동,목동,15,gate-8,fato-2,gate-4,fato-3,15:14:50,15:24:37,15:36:21,15:43:11,15:53:11,587.19,704.7,410,1701.89,47.19,0,ready
ce68cfea0bd5,2026-06-20,FPL0615010,UAM0112,a8,8,8,1,미아,미아,마곡,마곡,15,gate-3,fato-1,gate-2,fato-4,15:17:38,15:27:18,15:48:16,15:56:06,16:06:06,580,1258.82,470,2308.82,70,310.82,ready
ce68cfea0bd5,2026-06-20,FPL0611010,UAM0102,a6,6,5,0.8333,미아,미아,천호,천호,15,gate-7,fato-2,gate-1,fato-4,15:20:10,15:30:37,15:41:17,15:50:05,16:00:05,627.19,639.81,528.19,1795.19,117.19,28.19,ready
ce68cfea0bd5,2026-06-20,FPL0614012,UAM0045,a6,6,4,0.6667,미아,미아,가산,가산,15,gate-2,fato-1,gate-8,fato-3,15:22:58,15:33:18,15:48:42,15:55:32,16:05:32,620,924.38,410,1954.38,140,142.18,ready
ce68cfea0bd5,2026-06-20,FPL0605012,UAM0042,a2,2,2,1,미아,미아,목동,목동,15,gate-6,fato-2,gate-3,fato-4,15:25:56,15:36:37,15:48:21,15:55:41,16:05:41,641.19,704.7,440,1785.89,161.19,0,ready
ce68cfea0bd5,2026-06-20,FPL0613012,UAM0028,a4,4,4,1,미아,미아,강남,강남,15,gate-1,fato-1,gate-1,fato-4,15:28:18,15:39:18,15:49:26,15:57:46,16:07:46,660,608.92,500,1768.92,210,146.15,ready
ce68cfea0bd5,2026-06-20,FPL0617009,UAM0108,a4,4,4,1,미아,미아,수서,수서,15,gate-5,fato-2,gate-4,fato-3,15:31:16,15:42:37,15:50:38,15:57:28,16:07:28,681.19,481.13,410,1572.33,231.19,0,ready
ce68cfea0bd5,2026-06-20,FPL0607007,UAM0128,a8,8,4,0.5,미아,미아,봉천,봉천,15,gate-4,fato-1,gate-3,fato-3,15:31:38,15:45:18,15:56:38,16:03:58,16:13:58,820,680.69,440,1940.69,280,0,ready
ce68cfea0bd5,2026-06-20,FPL0609011,UAM0021,a6,6,3,0.5,미아,미아,성수,성수,15,gate-8,fato-2,gate-3,fato-3,15:34:36,15:48:37,15:54:15,16:01:35,16:11:35,841.19,338.07,440,1619.27,301.19,0,ready
ce68cfea0bd5,2026-06-20,FPL0601008,UAM0113,a2,2,2,1,미아,미아,여의도,여의도,15,gate-3,fato-1,gate-7,fato-3,15:36:58,15:51:18,16:02:37,16:09:57,16:19:57,860,679.69,440,1979.69,350,85.77,ready
ce68cfea0bd5,2026-06-20,FPL0608008,UAM0073,a2,2,1,0.5,미아,미아,사당,사당,15,gate-7,fato-2,gate-8,fato-3,15:40:30,15:54:37,16:04:45,16:11:35,16:21:35,847.19,608.5,410,1865.7,337.19,0,ready
ce68cfea0bd5,2026-06-20,FPL0604003,UAM0025,a2,2,1,0.5,미아,미아,용산,용산,15,gate-2,fato-1,gate-8,fato-4,15:45:26,15:57:18,16:06:54,16:13:50,16:23:50,712,576.06,416.39,1704.45,232,6.39,ready
ce68cfea0bd5,2026-06-20,FPL0602008,UAM0030,a6,6,1,0.1667,미아,미아,잠실,잠실,15,gate-6,fato-2,gate-7,fato-3,15:46:21,16:00:37,16:07:07,16:14:27,16:24:27,856.19,390.14,440,1686.34,376.19,0,ready
ce68cfea0bd5,2026-06-20,FPL0609012,UAM0106,a2,2,2,1,미아,미아,성수,성수,16,gate-4,fato-1,gate-4,fato-3,16:00:00,16:09:00,16:14:38,16:21:28,16:31:28,540,338.07,410,1288.07,0,0,ready
ce68cfea0bd5,2026-06-20,FPL0614013,UAM0082,a2,2,2,1,미아,미아,가산,가산,16,gate-8,fato-1,gate-4,fato-3,16:07:59,16:16:59,16:30:01,16:36:51,16:46:51,540,782.19,410,1732.19,0,0,ready
ce68cfea0bd5,2026-06-20,FPL0605013,UAM0090,a2,2,2,1,미아,미아,목동,목동,16,gate-3,fato-2,gate-6,fato-4,16:13:23,16:21:53,16:36:54,16:44:44,16:54:44,510,901.56,470,1881.56,0,196.87,ready
ce68cfea0bd5,2026-06-20,FPL0613013,UAM0079,a8,8,8,1,미아,미아,강남,강남,16,gate-4,fato-1,gate-4,fato-4,16:21:54,16:30:54,16:39:57,16:46:47,16:56:47,540,543.56,410,1493.56,0,80.79,ready
ce68cfea0bd5,2026-06-20,FPL0605014,UAM0014,a6,6,6,1,미아,미아,목동,목동,16,gate-7,fato-2,gate-5,fato-4,16:23:49,16:32:19,16:46:34,16:54:54,17:04:54,510,855.56,500,1865.56,0,150.87,ready
ce68cfea0bd5,2026-06-20,FPL0615011,UAM0124,a4,4,4,1,미아,미아,마곡,마곡,16,gate-8,fato-1,gate-7,fato-3,16:29:41,16:38:41,17:14:47,17:22:21,17:32:21,540,2166,454.72,3160.72,0,349.72,ready
ce68cfea0bd5,2026-06-20,FPL0607008,UAM0085,a6,6,5,0.8333,미아,미아,봉천,봉천,16,gate-3,fato-1,gate-2,fato-4,16:38:07,16:46:37,16:57:57,17:05:47,17:15:47,510,680.69,470,1660.69,0,0,ready
ce68cfea0bd5,2026-06-20,FPL0602009,UAM0132,a4,4,4,1,미아,미아,잠실,잠실,16,gate-4,fato-1,gate-6,fato-4,16:58:55,17:07:55,17:14:43,17:22:33,17:32:33,540,408.81,470,1418.81,0,18.66,ready
ce68cfea0bd5,2026-06-20,FPL0603005,UAM0131,a4,4,4,1,미아,미아,상암,상암,17,gate-8,fato-2,gate-4,fato-3,17:00:53,17:10:06,17:21:42,17:28:32,17:38:32,553.15,696.06,410,1659.21,13.15,0,ready
ce68cfea0bd5,2026-06-20,FPL0601009,UAM0007,a8,8,8,1,미아,미아,여의도,여의도,17,gate-3,fato-1,gate-4,fato-3,17:07:57,17:16:27,17:26:20,17:33:10,17:43:10,510,593.93,410,1513.93,0,0,ready
ce68cfea0bd5,2026-06-20,FPL0602010,UAM0003,a4,4,4,1,미아,미아,잠실,잠실,17,gate-7,fato-2,gate-4,fato-3,17:08:37,17:17:07,17:23:37,17:30:27,17:40:27,510,390.14,410,1310.14,0,0,ready
ce68cfea0bd5,2026-06-20,FPL0609013,UAM0044,a4,4,4,1,미아,미아,성수,성수,17,gate-2,fato-1,gate-4,fato-3,17:13:17,17:22:27,17:28:05,17:34:55,17:44:55,550,338.07,410,1298.07,70,0,ready
ce68cfea0bd5,2026-06-20,FPL0613014,UAM0071,a8,8,6,0.75,미아,미아,강남,강남,17,gate-6,fato-2,gate-3,fato-3,17:16:50,17:24:50,17:32:32,17:39:52,17:49:52,480,462.77,440,1382.77,0,0,ready
ce68cfea0bd5,2026-06-20,FPL0611011,UAM0015,a8,8,6,0.75,미아,미아,천호,천호,17,gate-1,fato-1,gate-7,fato-4,17:18:37,17:28:27,17:36:32,17:43:52,17:53:52,590,485.54,440,1515.54,140,88.54,ready
ce68cfea0bd5,2026-06-20,FPL0614014,UAM0111,a8,8,5,0.625,미아,미아,가산,가산,17,gate-4,fato-2,gate-2,fato-3,17:20:40,17:30:50,17:43:52,17:51:42,18:01:42,610,782.19,470,1862.19,70,0,ready
ce68cfea0bd5,2026-06-20,FPL0608009,UAM0126,a6,6,5,0.8333,미아,미아,사당,사당,17,gate-8,fato-1,gate-3,fato-4,17:26:51,17:35:51,17:45:59,17:53:19,18:03:19,540,608.5,440,1588.5,0,0,ready
ce68cfea0bd5,2026-06-20,FPL0615012,UAM0033,a2,2,2,1,미아,미아,마곡,마곡,17,gate-3,fato-2,gate-5,fato-3,17:28:55,17:37:25,17:58:30,18:08:41,18:18:41,510,1265.19,611.53,2386.72,0,306.72,ready
ce68cfea0bd5,2026-06-20,FPL0605015,UAM0088,a8,8,3,0.375,미아,미아,목동,목동,17,gate-7,fato-1,gate-1,fato-4,17:32:11,17:41:51,17:55:29,18:03:52,18:13:52,580,818.18,503.81,1901.99,70,117.29,ready
ce68cfea0bd5,2026-06-20,FPL0617010,UAM0120,a8,8,3,0.375,미아,미아,수서,수서,17,gate-4,fato-1,gate-8,fato-3,17:41:19,17:50:19,17:58:20,18:05:10,18:15:10,540,481.13,410,1431.13,0,0,ready
ce68cfea0bd5,2026-06-20,FPL0604004,UAM0096,a8,8,2,0.25,미아,미아,용산,용산,17,gate-2,fato-2,gate-4,fato-3,17:43:43,17:51:43,18:01:19,18:08:09,18:18:09,480,576.06,410,1466.06,0,0,ready
ce68cfea0bd5,2026-06-20,FPL0615013,UAM0061,a6,6,1,0.1667,미아,미아,마곡,마곡,17,gate-8,fato-1,gate-3,fato-4,17:46:09,17:56:19,18:22:40,18:33:01,18:43:01,610,1581.19,621.53,2812.72,70,368.72,ready
ce68cfea0bd5,2026-06-20,FPL0602011,UAM0077,a6,6,6,1,미아,미아,잠실,잠실,18,gate-4,fato-1,gate-2,fato-3,18:02:58,18:12:30,18:20:54,18:28:44,18:38:44,572.19,504.2,470,1546.39,32.19,114.05,ready
ce68cfea0bd5,2026-06-20,FPL0613015,UAM0093,a6,6,5,0.8333,미아,미아,강남,강남,18,gate-3,fato-2,gate-7,fato-3,18:04:08,18:13:10,18:24:47,18:32:07,18:42:07,542.19,696.86,440,1679.06,32.19,234.09,ready
ce68cfea0bd5,2026-06-20,FPL0615014,UAM0030,a6,6,5,0.8333,미아,미아,마곡,마곡,18,gate-8,fato-1,gate-6,fato-3,18:07:48,18:18:30,18:37:10,18:49:18,18:59:18,642.19,1120,728.01,2490.2,102.19,337.2,ready
ce68cfea0bd5,2026-06-20,FPL0601010,UAM0099,a4,4,4,1,미아,미아,여의도,여의도,18,gate-7,fato-2,gate-4,fato-4,18:08:58,18:19:10,18:31:50,18:38:40,18:48:40,612.19,760.76,410,1782.96,102.19,166.83,ready
ce68cfea0bd5,2026-06-20,FPL0604005,UAM0083,a4,4,4,1,미아,미아,용산,용산,18,gate-2,fato-1,gate-8,fato-3,18:13:38,18:24:30,18:34:06,18:40:56,18:50:56,652.19,576.06,410,1638.25,172.19,0,ready
ce68cfea0bd5,2026-06-20,FPL0611012,UAM0034,a2,2,2,1,미아,미아,천호,천호,18,gate-6,fato-2,gate-5,fato-4,18:15:41,18:25:10,18:34:16,18:43:12,18:53:12,569.19,546.22,536.41,1651.82,89.19,226.15,ready
ce68cfea0bd5,2026-06-20,FPL0605016,UAM0065,a2,2,2,1,미아,미아,목동,목동,18,gate-1,fato-1,gate-7,fato-3,18:18:58,18:30:30,18:46:39,18:53:59,19:03:59,692.19,969.55,440,2101.74,242.19,264.85,ready
ce68cfea0bd5,2026-06-20,FPL0607009,UAM0010,a2,2,2,1,미아,미아,봉천,봉천,18,gate-4,fato-1,gate-8,fato-4,18:32:56,18:41:56,18:53:16,19:00:06,19:10:06,540,680.69,410,1630.69,0,0,ready
ce68cfea0bd5,2026-06-20,FPL0614015,UAM0019,a4,4,3,0.75,미아,미아,가산,가산,18,gate-8,fato-2,gate-3,fato-3,18:33:36,18:42:36,18:55:38,19:02:58,19:12:58,540,782.19,440,1762.19,0,0,ready
ce68cfea0bd5,2026-06-20,FPL0605017,UAM0028,a4,4,3,0.75,미아,미아,목동,목동,18,gate-3,fato-1,gate-4,fato-3,18:38:16,18:47:56,19:02:57,19:09:47,19:19:47,580,901.56,410,1891.56,70,196.87,ready
ce68cfea0bd5,2026-06-20,FPL0603006,UAM0029,a6,6,2,0.3333,미아,미아,상암,상암,18,gate-7,fato-2,gate-8,fato-3,18:38:56,18:48:36,19:00:12,19:07:02,19:17:02,580,696.06,410,1686.06,70,0,ready
ce68cfea0bd5,2026-06-20,FPL0611013,UAM0105,a2,2,2,1,미아,미아,천호,천호,18,gate-2,fato-1,gate-3,fato-3,18:43:36,18:53:56,19:03:12,19:10:32,19:20:32,620,556.82,440,1616.82,140,87.82,ready
ce68cfea0bd5,2026-06-20,FPL0609014,UAM0004,a4,4,2,0.5,미아,미아,성수,성수,18,gate-6,fato-2,gate-8,fato-4,18:44:16,18:54:36,19:00:14,19:07:04,19:17:04,620,338.07,410,1368.07,140,0,ready
ce68cfea0bd5,2026-06-20,FPL0607010,UAM0129,a2,2,1,0.5,미아,미아,봉천,봉천,18,gate-1,fato-1,gate-4,fato-3,18:48:56,18:59:56,19:11:16,19:18:06,19:28:06,660,680.69,410,1750.69,210,0,ready
ce68cfea0bd5,2026-06-20,FPL0608010,UAM0115,a4,4,1,0.25,미아,미아,사당,사당,18,gate-4,fato-2,gate-8,fato-3,18:51:21,19:00:36,19:10:44,19:17:34,19:27:34,555,608.5,410,1573.5,15,0,ready
ce68cfea0bd5,2026-06-20,FPL0617011,UAM0112,a8,8,1,0.125,미아,미아,수서,수서,18,gate-8,fato-1,gate-3,fato-3,18:57:41,19:07:06,19:15:14,19:22:34,19:32:34,565.13,488.74,440,1493.87,25.13,7.6,ready
ce68cfea0bd5,2026-06-20,FPL0604006,UAM0023,a8,8,1,0.125,미아,미아,용산,용산,18,gate-3,fato-2,gate-4,fato-3,18:59:49,19:08:19,19:17:55,19:24:45,19:34:45,510,576.06,410,1496.06,0,0,ready
ce68cfea0bd5,2026-06-20,FPL0613016,UAM0133,a6,6,6,1,미아,미아,강남,강남,19,gate-7,fato-1,gate-3,fato-3,19:03:01,19:13:06,19:20:48,19:28:08,19:38:08,605.13,462.77,440,1507.9,95.13,0,ready
ce68cfea0bd5,2026-06-20,FPL0608011,UAM0036,a4,4,4,1,미아,미아,사당,사당,19,gate-2,fato-2,gate-7,fato-3,19:05:09,19:14:19,19:26:46,19:34:06,19:44:06,550,747.07,440,1737.07,70,138.57,ready
ce68cfea0bd5,2026-06-20,FPL0611014,UAM0048,a8,8,8,1,미아,미아,천호,천호,19,gate-4,fato-1,gate-7,fato-3,19:09:17,19:19:06,19:27:25,19:34:45,19:44:45,589.13,499.39,440,1528.52,49.13,91.52,ready
ce68cfea0bd5,2026-06-20,FPL0609015,UAM0077,a6,6,6,1,미아,미아,성수,성수,19,gate-6,fato-2,gate-8,fato-3,19:13:03,19:21:03,19:26:41,19:33:31,19:43:31,480,338.07,410,1228.07,0,0,ready
ce68cfea0bd5,2026-06-20,FPL0614016,UAM0056,a8,8,6,0.75,미아,미아,가산,가산,19,gate-8,fato-1,gate-8,fato-4,19:17:17,19:26:17,19:39:19,19:46:09,19:56:09,540,782.19,410,1732.19,0,0,ready
ce68cfea0bd5,2026-06-20,FPL0601011,UAM0033,a2,2,2,1,미아,미아,여의도,여의도,19,gate-3,fato-1,gate-4,fato-4,19:23:49,19:32:19,19:42:12,19:49:29,19:59:29,510,593.93,437.03,1540.96,0,27.03,ready
ce68cfea0bd5,2026-06-20,FPL0607011,UAM0099,a4,4,4,1,미아,미아,봉천,봉천,19,gate-7,fato-2,gate-3,fato-3,19:26:05,19:34:35,19:48:07,19:55:27,20:05:27,510,812.36,440,1762.36,0,131.67,ready
ce68cfea0bd5,2026-06-20,FPL0605018,UAM0040,a8,8,4,0.5,미아,미아,목동,목동,19,gate-4,fato-1,gate-7,fato-3,19:30:53,19:39:53,19:51:37,19:58:57,20:08:57,540,704.7,440,1684.7,0,0,ready
ce68cfea0bd5,2026-06-20,FPL0613017,UAM0094,a6,6,3,0.5,미아,미아,강남,강남,19,gate-2,fato-2,gate-7,fato-3,19:33:16,19:41:16,19:50:02,19:57:22,20:07:22,480,526.93,440,1446.93,0,64.15,ready
ce68cfea0bd5,2026-06-20,FPL0617012,UAM0052,a4,4,3,0.75,미아,미아,수서,수서,19,gate-8,fato-1,gate-3,fato-4,19:45:36,19:55:56,20:03:58,20:11:18,20:21:18,620.16,481.13,440,1541.29,114.93,0,ready
ce68cfea0bd5,2026-06-20,FPL0615015,UAM0060,a4,4,2,0.5,미아,미아,마곡,마곡,19,gate-4,fato-1,gate-3,fato-3,19:57:27,20:06:27,20:24:06,20:31:28,20:41:28,540,1059.75,441.45,2041.2,0,200.87,ready
ce68cfea0bd5,2026-06-20,FPL0602012,UAM0066,a2,2,2,1,미아,미아,잠실,잠실,19,gate-3,fato-2,gate-3,fato-4,19:58:37,20:07:07,20:13:37,20:20:57,20:30:57,510,390.14,440,1340.14,0,0,ready
ce68cfea0bd5,2026-06-20,FPL0613018,UAM0110,a6,6,6,1,미아,미아,강남,강남,20,gate-7,fato-1,gate-2,fato-3,20:02:47,20:12:27,20:23:44,20:31:34,20:41:34,580,677.09,470,1727.09,70,214.32,ready
ce68cfea0bd5,2026-06-20,FPL0605019,UAM0053,a6,6,5,0.8333,미아,미아,목동,목동,20,gate-4,fato-1,gate-7,fato-4,20:16:59,20:25:59,20:37:43,20:45:03,20:55:03,540,704.7,440,1684.7,0,0,ready
ce68cfea0bd5,2026-06-20,FPL0611015,UAM0128,a8,8,5,0.625,미아,미아,천호,천호,20,gate-8,fato-1,gate-5,fato-4,20:24:15,20:33:15,20:43:30,20:51:50,21:01:50,540,615.68,500,1655.68,0,259.2,ready
ce68cfea0bd5,2026-06-20,FPL0617013,UAM0088,a8,8,4,0.5,미아,미아,수서,수서,20,gate-3,fato-2,gate-6,fato-3,20:27:23,20:35:53,20:43:54,20:51:44,21:01:44,510,481.13,470,1461.13,0,0,ready
ce68cfea0bd5,2026-06-20,FPL0604007,UAM0083,a4,4,4,1,미아,미아,용산,용산,20,gate-4,fato-1,gate-8,fato-4,20:34:34,20:43:34,20:53:10,21:00:00,21:10:00,540,576.06,410,1526.06,0,0,ready
ce68cfea0bd5,2026-06-20,FPL0603007,UAM0081,a2,2,2,1,미아,미아,상암,상암,20,gate-7,fato-2,gate-7,fato-4,20:38:29,20:46:59,20:58:35,21:06:05,21:16:05,510,696.06,450.87,1656.93,0,10.87,ready
ce68cfea0bd5,2026-06-20,FPL0608012,UAM0016,a8,8,3,0.375,미아,미아,사당,사당,20,gate-8,fato-1,gate-6,fato-3,20:42:43,20:51:43,21:01:51,21:09:41,21:19:41,540,608.5,470,1618.5,0,0,ready
ce68cfea0bd5,2026-06-20,FPL0602013,UAM0070,a6,6,3,0.5,미아,미아,잠실,잠실,20,gate-3,fato-1,gate-2,fato-3,20:49:29,20:57:59,21:08:32,21:16:22,21:26:22,510,633.33,470,1613.33,0,243.19,ready
ce68cfea0bd5,2026-06-20,FPL0614017,UAM0077,a6,6,2,0.3333,미아,미아,가산,가산,20,gate-2,fato-2,gate-7,fato-4,20:52:34,21:00:34,21:13:56,21:21:16,21:31:16,480,802.33,440,1722.33,0,20.13,ready
ce68cfea0bd5,2026-06-20,FPL0609016,UAM0051,a4,4,4,1,미아,미아,성수,성수,21,gate-4,fato-1,gate-4,fato-3,21:01:49,21:10:49,21:16:27,21:23:17,21:33:17,540,338.07,410,1288.07,0,0,ready
ce68cfea0bd5,2026-06-20,FPL0605020,UAM0111,a8,8,8,1,미아,미아,목동,목동,21,gate-8,fato-1,gate-6,fato-3,21:09:42,21:19:10,21:30:55,21:38:45,21:48:45,568.48,704.7,470,1743.17,28.48,0,ready
ce68cfea0bd5,2026-06-20,FPL0601012,UAM0026,a2,2,2,1,미아,미아,여의도,여의도,21,gate-4,fato-1,gate-7,fato-3,21:21:21,21:30:21,21:40:14,21:47:34,21:57:34,540,593.93,440,1573.93,0,0,ready
ce68cfea0bd5,2026-06-20,FPL0613019,UAM0014,a6,6,3,0.5,미아,미아,강남,강남,21,gate-3,fato-2,,,21:23:56,21:32:26,,,,510,0,0,0,0,0,analysis_timeout
ce68cfea0bd5,2026-06-20,FPL0609017,UAM0042,a2,2,2,1,미아,미아,성수,성수,21,gate-8,fato-1,gate-6,fato-4,21:27:21,21:36:21,21:41:59,21:49:49,21:59:49,540,338.07,470,1348.07,0,0,ready
