"LocalID","ID","Type","Pax","From","DepFATO_No","DepGate_No","STD","To","ArrFATO_No","ArrGate_No","STA","DepGateIn","DepGateOut","DepFATOIn","DepFATOOut","ArrFATOIn","ArrFATOOut","ArrGateIn","ArrGateOut"
"3-1","UAM0013","6인승","6","상암","1","1","06:31:22","천호","2","1","06:50:31","06:30:22","06:31:22","06:36:22","06:38:22","06:50:31","06:52:31","06:57:31","07:03:31"
"3-2","UAM0080","6인승","6","상암","1","1","06:41:20","가산","2","3","07:00:00","06:40:20","06:41:20","06:46:20","06:48:20","07:00:00","07:02:00","07:07:00","07:13:00"
"3-3","UAM0086","6인승","6","상암","1","2","06:41:42","수서","2","1","07:04:39","06:40:42","06:41:42","06:48:20","06:50:20","07:04:39","07:06:39","07:11:39","07:17:39"
"3-4","UAM0110","6인승","6","상암","1","1","06:44:18","망우","2","3","07:05:23","06:43:18","06:44:18","06:50:20","06:52:20","07:05:23","07:07:23","07:12:23","07:18:23"
"3-5","UAM0125","6인승","6","상암","1","2","06:45:45","성수","2","2","07:06:15","06:44:45","06:45:45","06:52:20","06:54:20","07:06:15","07:08:15","07:13:15","07:19:15"
"3-6","UAM0193","6인승","6","상암","1","1","06:55:38","미아","2","4","07:16:29","06:54:38","06:55:38","07:00:38","07:02:38","07:16:29","07:18:29","07:23:29","07:29:29"
"3-7","UAM0228","6인승","6","상암","1","2","07:01:14","마곡","2","2","07:42:42","07:00:14","07:01:14","07:06:14","07:08:14","07:42:42","07:44:42","07:49:42","07:55:42"
"3-8","UAM0011","6인승","6","상암","1","1","07:03:50","수서","2","1","07:31:41","07:03:56","07:04:56","07:09:56","07:11:56","07:31:41","07:33:41","07:38:41","07:44:41"
"3-9","UAM0253","6인승","6","상암","1","1","07:06:44","성수","2","4","07:33:41","07:05:44","07:06:44","07:11:56","07:13:56","07:33:41","07:35:41","07:40:41","07:46:41"
"3-10","UAM0256","6인승","6","상암","1","2","07:07:14","광화문","2","3","07:27:25","07:06:14","07:07:14","07:13:56","07:15:56","07:27:25","07:29:25","07:34:25","07:40:25"
"3-11","UAM0272","6인승","6","상암","1","1","07:11:24","천호","2","4","07:45:23","07:10:24","07:11:24","07:16:24","07:18:24","07:45:23","07:47:23","07:52:23","07:58:23"
"3-12","UAM0281","6인승","6","상암","1","1","07:13:33","사당","2","2","07:30:50","07:12:33","07:13:33","07:18:33","07:20:33","07:30:50","07:32:50","07:37:50","07:43:50"
"3-13","UAM0298","6인승","6","상암","1","1","07:15:38","강남","2","5","07:45:50","07:14:38","07:15:38","07:20:38","07:22:38","07:45:50","07:47:50","07:52:50","07:58:50"
"3-14","UAM0306","6인승","6","상암","1","1","07:17:41","잠실","2","2","07:48:55","07:16:41","07:17:41","07:22:41","07:24:41","07:48:55","07:50:55","07:55:55","08:01:55"
"3-15","UAM0317","6인승","6","상암","1","1","07:20:30","가산","2","2","07:54:39","07:19:30","07:20:30","07:25:30","07:27:30","07:54:39","07:56:39","08:01:39","08:07:39"
"3-16","UAM0115","6인승","6","상암","1","1","07:30:04","미아","2","2","08:00:45","07:29:44","07:30:44","07:35:44","07:37:44","08:00:45","08:02:45","08:07:45","08:13:45"
"3-17","UAM0119","6인승","6","상암","1","2","07:37:23","용산","2","2","07:56:29","07:40:00","07:41:00","07:46:00","07:48:00","07:56:29","07:58:29","08:03:29","08:09:29"
"3-18","UAM0187","6인승","6","상암","1","3","07:37:36","천호","2","2","08:41:23","07:42:04","07:43:04","07:48:04","07:50:04","08:41:23","08:43:23","08:48:23","08:54:23"
"3-19","UAM0223","6인승","6","상암","1","1","07:39:57","봉천","2","2","08:03:56","07:38:57","07:39:57","07:50:04","07:52:04","08:03:56","08:05:56","08:10:56","08:16:56"
"3-20","UAM0008","6인승","6","상암","1","2","07:45:23","광화문","2","1","08:15:25","07:44:23","07:45:23","07:52:04","07:54:04","08:15:25","08:17:25","08:22:25","08:28:25"
"3-21","UAM0041","6인승","6","상암","1","3","07:46:53","성수","2","2","08:37:08","07:45:53","07:46:53","07:54:04","07:56:04","08:37:08","08:39:08","08:44:08","08:50:08"
"3-22","UAM0407","6인승","6","상암","1","2","07:47:12","잠실","2","5","08:16:07","07:46:12","07:47:12","07:56:04","07:58:04","08:16:07","08:18:07","08:23:07","08:29:07"
"3-23","UAM0005","6인승","6","상암","1","1","07:48:52","마곡","2","4","09:04:42","07:48:32","07:49:32","07:58:04","08:00:04","09:04:42","09:06:42","09:11:42","09:17:42"
"3-24","UAM0428","6인승","6","상암","1","2","07:50:10","강남","2","2","08:54:49","07:49:10","07:50:10","08:00:04","08:02:04","08:54:49","08:56:49","09:01:49","09:07:49"
"3-25","UAM0430","6인승","6","상암","1","3","07:50:29","망우","2","3","08:33:46","07:49:29","07:50:29","08:02:04","08:04:04","08:33:46","08:35:46","08:40:46","08:46:46"
"3-26","UAM0432","6인승","6","상암","1","4","07:50:35","사당","2","3","08:24:41","07:49:35","07:50:35","08:04:04","08:06:04","08:24:41","08:26:41","08:31:41","08:37:41"
"3-27","UAM0433","6인승","6","상암","1","5","07:50:49","수서","2","2","08:27:41","07:49:49","07:50:49","08:06:04","08:08:04","08:27:41","08:29:41","08:34:41","08:40:41"
"3-28","UAM0315","6인승","6","상암","1","2","08:00:11","천호","2","4","09:17:23","07:59:11","08:00:11","08:08:04","08:10:04","09:17:23","09:19:23","09:24:23","09:30:23"
"3-29","UAM0320","6인승","6","상암","1","3","08:03:43","강남","2","3","09:20:49","08:03:20","08:04:20","08:10:04","08:12:04","09:20:49","09:22:49","09:27:49","09:33:49"
"3-30","UAM0343","6인승","6","상암","1","2","08:12:17","성수","2","2","09:11:08","08:11:17","08:12:17","08:17:17","08:19:17","09:11:08","09:13:08","09:18:08","09:24:08"
"3-31","UAM0078","6인승","6","상암","1","1","08:14:44","잠실","2","3","08:55:54","08:17:44","08:18:44","08:23:44","08:25:44","08:55:54","08:57:54","09:02:54","09:08:54"
"3-32","UAM0180","6인승","6","상암","1","3","08:16:10","광화문","2","3","08:58:14","08:21:44","08:22:44","08:27:44","08:29:44","08:58:14","09:00:14","09:05:14","09:11:14"
"3-33","UAM0297","6인승","6","상암","1","1","08:19:38","천호","2","2","09:49:23","08:19:14","08:20:14","08:29:44","08:31:44","09:49:23","09:51:23","09:56:23","10:02:23"
"3-34","UAM0333","6인승","6","상암","1","2","08:23:33","가산","2","5","09:19:41","08:22:33","08:23:33","08:31:44","08:33:44","09:19:41","09:21:41","09:26:41","09:32:41"
"3-35","UAM0357","6인승","6","상암","1","3","08:27:06","마곡","2","2","10:16:42","08:30:10","08:31:10","08:36:10","08:38:10","10:16:42","10:18:42","10:23:42","10:29:42"
"3-36","UAM0346","6인승","6","상암","1","1","08:28:51","미아","2","4","08:51:31","08:28:10","08:29:10","08:38:10","08:40:10","08:51:31","08:53:31","08:58:31","09:04:31"
"3-37","UAM0376","6인승","6","상암","1","3","08:31:06","망우","2","5","08:57:58","08:31:40","08:32:40","08:40:10","08:42:10","08:57:58","08:59:58","09:04:58","09:10:58"
"3-38","UAM0361","6인승","6","상암","1","2","08:38:02","사당","2","3","09:07:39","08:37:02","08:38:02","08:43:02","08:45:02","09:07:39","09:09:39","09:14:39","09:20:39"
"3-39","UAM0280","6인승","6","상암","1","4","08:38:34","강남","2","2","10:10:49","08:37:34","08:38:34","08:45:02","08:47:02","10:10:49","10:12:49","10:17:49","10:23:49"
"3-40","UAM0400","6인승","6","상암","1","3","08:40:20","잠실","2","5","09:03:54","08:40:31","08:41:31","08:47:02","08:49:02","09:03:54","09:05:54","09:10:54","09:16:54"
"3-41","UAM0117","6인승","6","상암","1","1","08:46:06","용산","2","2","09:01:20","08:45:06","08:46:06","08:51:06","08:53:06","09:01:20","09:03:20","09:08:20","09:14:20"
"3-42","UAM0608","6인승","6","상암","1","2","08:46:28","수서","2","6","09:24:43","08:45:28","08:46:28","08:53:06","08:55:06","09:24:43","09:26:43","09:31:43","09:37:43"
"3-43","UAM0609","6인승","6","상암","1","4","08:46:36","광화문","2","3","09:36:54","08:45:36","08:46:36","08:55:06","08:57:06","09:36:54","09:38:54","09:43:54","09:49:54"
"3-44","UAM0486","6인승","6","상암","1","3","08:53:04","망우","2","5","09:37:46","08:52:04","08:53:04","08:58:04","09:00:04","09:37:46","09:39:46","09:44:46","09:50:46"
"3-45","UAM0416","6인승","6","상암","1","1","08:53:56","미아","2","5","09:27:28","08:54:10","08:55:10","09:00:10","09:02:10","09:27:28","09:29:28","09:34:28","09:40:28"
"3-46","UAM0640","6인승","6","상암","1","4","08:55:24","성수","2","4","10:12:15","08:54:24","08:55:24","09:02:10","09:04:10","10:12:15","10:14:15","10:19:15","10:25:15"
"3-47","UAM0325","6인승","6","상암","1","3","09:03:30","마곡","2","3","11:24:42","09:02:30","09:03:30","09:08:30","09:10:30","11:24:42","11:26:42","11:31:42","11:37:42"
"3-48","UAM0027","6인승","6","상암","1","2","09:07:08","봉천","2","5","09:32:52","09:06:08","09:07:08","09:12:08","09:14:08","09:32:52","09:34:52","09:39:52","09:45:52"
"3-49","UAM0328","6인승","6","상암","1","2","09:07:45","천호","2","1","11:05:23","09:07:38","09:08:38","09:14:08","09:16:08","11:05:23","11:07:23","11:12:23","11:18:23"
"3-50","UAM0272","6인승","6","상암","1","1","09:08:01","강남","2","1","10:50:49","09:08:10","09:09:10","09:16:08","09:18:08","10:50:49","10:52:49","10:57:49","11:03:49"
"3-51","UAM0698","6인승","6","상암","1","1","09:11:47","사당","2","4","09:30:25","09:10:47","09:11:47","09:18:08","09:20:08","09:30:25","09:32:25","09:37:25","09:43:25"
"3-52","UAM0711","6인승","6","상암","1","1","09:16:45","천호","2","5","11:20:27","09:15:45","09:16:45","09:21:45","09:23:45","11:20:27","11:22:27","11:27:27","11:33:27"
"3-53","UAM0720","6인승","6","상암","1","2","09:19:46","강남","2","4","11:04:49","09:18:46","09:19:46","09:24:46","09:26:46","11:04:49","11:06:49","11:11:49","11:17:49"
"3-54","UAM0722","6인승","6","상암","1","3","09:20:30","가산","2","1","10:25:41","09:19:30","09:20:30","09:26:46","09:28:46","10:25:41","10:27:41","10:32:41","10:38:41"
"3-55","UAM0728","6인승","6","상암","1","2","09:21:51","수서","2","1","10:02:43","09:20:51","09:21:51","09:28:46","09:30:46","10:02:43","10:04:43","10:09:43","10:15:43"
"3-56","UAM0736","6인승","6","상암","1","2","09:24:03","잠실","2","4","09:58:26","09:23:03","09:24:03","09:30:46","09:32:46","09:58:26","10:00:26","10:05:26","10:11:26"
"3-57","UAM0016","6인승","6","상암","1","1","09:25:29","성수","2","2","10:48:15","09:25:13","09:26:13","09:32:46","09:34:46","10:48:15","10:50:15","10:55:15","11:01:15"
"3-58","UAM0031","6인승","6","상암","1","1","09:35:11","망우","2","4","10:33:58","09:34:11","09:35:11","09:40:11","09:42:11","10:33:58","10:35:58","10:40:58","10:46:58"
"3-59","UAM0501","6인승","6","상암","1","2","09:45:14","강남","2","2","11:52:49","09:48:31","09:49:31","09:54:31","09:56:31","11:52:49","11:54:49","11:59:49","12:05:49"
"3-60","UAM0530","6인승","6","상암","1","1","09:45:47","천호","2","5","12:09:23","09:44:47","09:45:47","09:56:31","09:58:31","12:09:23","12:11:23","12:16:23","12:22:23"
"3-61","UAM0236","6인승","6","상암","1","3","09:46:11","광화문","2","3","10:22:54","09:45:42","09:46:42","09:58:31","10:00:31","10:22:54","10:24:54","10:29:54","10:35:54"
"3-62","UAM0174","6인승","6","상암","1","3","09:48:26","성수","2","3","11:14:15","09:53:47","09:54:47","10:00:31","10:02:31","11:14:15","11:16:15","11:21:15","11:27:15"
"3-63","UAM0229","6인승","6","상암","1","2","09:52:16","마곡","2","3","13:00:42","09:57:44","09:58:44","10:03:44","10:05:44","13:00:42","13:02:42","13:07:42","13:13:42"
"3-64","UAM0451","6인승","6","상암","1","3","09:53:57","사당","2","3","10:50:41","10:09:17","10:10:17","10:15:17","10:17:17","10:50:41","10:52:41","10:57:41","11:03:41"
"3-65","UAM0549","6인승","6","상암","1","2","09:59:10","봉천","2","1","10:33:33","09:59:14","10:00:14","10:17:17","10:19:17","10:33:33","10:35:33","10:40:33","10:46:33"
"3-66","UAM0667","6인승","6","상암","1","4","10:06:11","미아","2","3","10:46:12","10:05:11","10:06:11","10:19:17","10:21:17","10:46:12","10:48:12","10:53:12","10:59:12"
"3-67","UAM0052","6인승","6","상암","1","1","10:11:28","강남","2","2","12:34:49","10:15:56","10:16:56","10:21:56","10:23:56","12:34:49","12:36:49","12:41:49","12:47:49"
"3-68","UAM0362","6인승","6","상암","1","2","10:22:09","성수","2","3","11:50:15","10:21:09","10:22:09","10:27:09","10:29:09","11:50:15","11:52:15","11:57:15","12:03:15"
"3-69","UAM0660","6인승","6","상암","1","2","10:27:58","마곡","2","3","13:52:42","10:26:58","10:27:58","10:32:58","10:34:58","13:52:42","13:54:42","13:59:42","14:05:42"
"3-70","UAM0411","6인승","6","상암","1","1","10:28:41","가산","2","5","11:30:39","10:41:17","10:42:17","10:47:17","10:49:17","11:30:39","11:32:39","11:37:39","11:43:39"
"3-71","UAM0168","6인승","6","상암","1","1","10:38:37","수서","2","4","11:13:14","10:49:44","10:50:44","10:55:44","10:57:44","11:13:14","11:15:14","11:20:14","11:26:14"
"3-72","UAM0049","6인승","6","상암","1","4","10:38:53","용산","2","4","11:10:02","10:37:56","10:38:56","10:57:44","10:59:44","11:10:02","11:12:02","11:17:02","11:23:02"
"3-73","UAM0183","6인승","6","상암","1","3","10:38:59","천호","2","3","13:12:27","10:43:17","10:44:17","10:59:44","11:01:44","13:12:27","13:14:27","13:19:27","13:25:27"
"3-74","UAM0321","6인승","6","상암","1","3","10:43:57","광화문","2","3","11:17:03","10:44:47","10:45:47","11:01:44","11:03:44","11:17:03","11:19:03","11:24:03","11:30:03"
"3-75","UAM0659","6인승","6","상암","1","1","10:48:10","강남","2","1","13:26:49","10:58:12","10:59:12","11:04:12","11:06:12","13:26:49","13:28:49","13:33:49","13:39:49"
"3-76","UAM0514","6인승","6","상암","1","1","10:48:57","잠실","2","3","11:35:27","11:13:56","11:14:56","11:19:56","11:21:56","11:35:27","11:37:27","11:42:27","11:48:27"
"3-77","UAM0458","6인승","6","상암","1","2","10:58:05","성수","2","3","12:20:15","11:01:42","11:02:42","11:21:56","11:23:56","12:20:15","12:22:15","12:27:15","12:33:15"
"3-78","UAM0097","6인승","6","상암","1","3","11:00:31","강남","2","2","13:54:49","10:59:31","11:00:31","11:23:56","11:25:56","13:54:49","13:56:49","14:01:49","14:07:49"
"3-79","UAM0456","6인승","6","상암","1","3","11:05:35","사당","2","1","11:47:53","11:04:35","11:05:35","11:25:56","11:27:56","11:47:53","11:49:53","11:54:53","12:00:53"
"3-80","UAM0151","6인승","6","상암","1","1","11:06:15","봉천","2","5","11:40:40","11:15:26","11:16:26","11:27:56","11:29:56","11:40:40","11:42:40","11:47:40","11:53:40"
"3-81","UAM0119","6인승","6","상암","1","4","11:07:04","수서","2","2","12:04:43","11:06:04","11:07:04","11:29:56","11:31:56","12:04:43","12:06:43","12:11:43","12:17:43"
"3-82","UAM0845","6인승","6","상암","1","1","11:08:48","가산","2","2","12:19:54","11:24:10","11:25:10","11:31:56","11:33:56","12:19:54","12:21:54","12:26:54","12:32:54"
"3-83","UAM0621","6인승","6","상암","1","2","11:10:50","망우","2","3","12:00:26","11:09:50","11:10:50","11:33:56","11:35:56","12:00:26","12:02:26","12:07:26","12:13:26"
"3-84","UAM0201","6인승","6","상암","1","3","11:16:22","잠실","2","3","12:01:23","11:15:22","11:16:22","11:35:56","11:37:56","12:01:23","12:03:23","12:08:23","12:14:23"
"3-85","UAM0532","6인승","6","상암","1","1","11:20:17","천호","2","4","14:11:23","11:39:17","11:40:17","11:45:17","11:47:17","14:11:23","14:13:23","14:18:23","14:24:23"
"3-86","UAM0013","6인승","6","상암","1","2","11:20:54","강남","2","1","14:22:49","11:20:30","11:21:30","11:47:17","11:49:17","14:22:49","14:24:49","14:29:49","14:35:49"
"3-87","UAM0636","6인승","6","상암","1","1","11:22:24","마곡","2","5","15:32:42","11:47:47","11:48:47","11:53:47","11:55:47","15:32:42","15:34:42","15:39:42","15:45:42"
"3-88","UAM0154","6인승","6","상암","1","2","11:28:23","미아","2","3","12:08:45","11:27:23","11:28:23","11:55:47","11:57:47","12:08:45","12:10:45","12:15:45","12:21:45"
"3-89","UAM0241","6인승","6","상암","1","4","11:29:53","성수","2","1","12:55:08","11:28:53","11:29:53","11:57:47","11:59:47","12:55:08","12:57:08","13:02:08","13:08:08"
"3-90","UAM0072","6인승","6","상암","1","1","11:33:19","수서","2","4","12:20:02","11:56:14","11:57:14","12:02:14","12:04:14","12:20:02","12:22:02","12:27:02","12:33:02"
"3-91","UAM0730","6인승","6","상암","1","3","11:33:34","천호","2","4","14:34:27","11:33:44","11:34:44","12:04:14","12:06:14","14:34:27","14:36:27","14:41:27","14:47:27"
"3-92","UAM0780","6인승","6","상암","1","2","11:38:44","광화문","2","2","13:16:01","11:37:44","11:38:44","12:06:14","12:08:14","13:16:01","13:18:01","13:23:01","13:29:01"
"3-93","UAM0903","6인승","6","상암","1","3","11:51:40","잠실","2","3","12:22:57","11:57:44","11:58:44","12:08:14","12:10:14","12:22:57","12:24:57","12:29:57","12:35:57"
"3-94","UAM0707","6인승","6","상암","1","1","11:51:50","가산","2","2","13:04:35","11:57:44","11:58:44","12:10:14","12:12:14","13:04:35","13:06:35","13:11:35","13:17:35"
"3-95","UAM0638","6인승","6","상암","1","1","12:00:15","강남","2","2","15:22:49","11:59:15","12:00:15","12:12:14","12:14:14","15:22:49","15:24:49","15:29:49","15:35:49"
"3-96","UAM0616","6인승","6","상암","1","2","12:04:57","용산","2","2","12:27:35","12:03:57","12:04:57","12:14:14","12:16:14","12:27:35","12:29:35","12:34:35","12:40:35"
"3-97","UAM0669","6인승","6","상암","1","3","12:13:14","사당","2","4","12:54:41","12:12:14","12:13:14","12:18:14","12:20:14","12:54:41","12:56:41","13:01:41","13:07:41"
"3-98","UAM0017","6인승","6","상암","1","1","12:13:58","망우","2","5","12:38:52","12:12:58","12:13:58","12:20:14","12:22:14","12:38:52","12:40:52","12:45:52","12:51:52"
"3-99","UAM0560","6인승","6","상암","1","1","12:14:26","마곡","2","4","17:00:42","12:21:33","12:22:33","12:27:33","12:29:33","17:00:42","17:02:42","17:07:42","17:13:42"
"3-100","UAM0727","6인승","6","상암","1","2","12:14:39","봉천","2","5","12:57:58","12:16:24","12:17:24","12:29:33","12:31:33","12:57:58","12:59:58","13:04:58","13:10:58"
"3-101","UAM0611","6인승","6","상암","1","3","12:16:27","천호","2","4","15:38:27","12:15:27","12:16:27","12:31:33","12:33:33","15:38:27","15:40:27","15:45:27","15:51:27"
"3-102","UAM0178","6인승","6","상암","1","2","12:21:02","잠실","2","3","13:02:26","12:40:21","12:41:21","12:46:21","12:48:21","13:02:26","13:04:26","13:09:26","13:15:26"
"3-103","UAM0103","6인승","6","상암","1","4","12:22:56","성수","2","4","13:35:08","12:21:56","12:22:56","12:48:21","12:50:21","13:35:08","13:37:08","13:42:08","13:48:08"
"3-104","UAM0367","6인승","6","상암","1","1","12:30:49","광화문","2","3","14:02:01","12:31:44","12:32:44","12:50:21","12:52:21","14:02:01","14:04:01","14:09:01","14:15:01"
"3-105","UAM0600","6인승","6","상암","1","1","12:31:03","가산","2","3","13:37:54","12:33:14","12:34:14","12:52:21","12:54:21","13:37:54","13:39:54","13:44:54","13:50:54"
"3-106","UAM0879","6인승","6","상암","1","2","12:48:01","성수","2","3","14:07:08","13:03:56","13:04:56","13:09:56","13:11:56","14:07:08","14:09:08","14:14:08","14:20:08"
"3-107","UAM0597","6인승","6","상암","1","2","12:55:24","강남","2","3","16:40:49","13:12:31","13:13:31","13:18:31","13:20:31","16:40:49","16:42:49","16:47:49","16:53:49"
"3-108","UAM1017","6인승","6","상암","1","1","12:55:45","마곡","2","1","18:10:42","12:59:44","13:00:44","13:20:31","13:22:31","18:10:42","18:12:42","18:17:42","18:23:42"
"3-109","UAM0057","6인승","6","상암","1","2","12:57:10","수서","2","4","13:45:41","13:14:01","13:15:01","13:22:31","13:24:31","13:45:41","13:47:41","13:52:41","13:58:41"
"3-110","UAM0244","6인승","6","상암","1","1","13:01:57","망우","2","3","13:41:46","13:01:14","13:02:14","13:24:31","13:26:31","13:41:46","13:43:46","13:48:46","13:54:46"
"3-111","UAM0430","6인승","6","상암","1","2","13:02:56","천호","2","3","17:03:23","13:15:31","13:16:31","13:26:31","13:28:31","17:03:23","17:05:23","17:10:23","17:16:23"
"3-112","UAM0927","6인승","6","상암","1","2","13:03:26","봉천","2","3","14:00:57","13:38:10","13:39:10","13:44:10","13:46:10","14:00:57","14:02:57","14:07:57","14:13:57"
"3-113","UAM0747","6인승","6","상암","1","1","13:03:52","가산","2","4","14:14:35","13:02:52","13:03:52","13:46:10","13:48:10","14:14:35","14:16:35","14:21:35","14:27:35"
"3-114","UAM0613","6인승","6","상암","1","3","13:08:23","사당","2","4","14:07:39","13:14:31","13:15:31","13:48:10","13:50:10","14:07:39","14:09:39","14:14:39","14:20:39"
"3-115","UAM0389","6인승","6","상암","1","3","13:13:36","잠실","2","4","14:15:23","13:16:01","13:17:01","13:50:10","13:52:10","14:15:23","14:17:23","14:22:23","14:28:23"
"3-116","UAM0172","6인승","6","상암","1","2","13:15:06","성수","2","5","14:24:15","13:46:12","13:47:12","13:52:12","13:54:12","14:24:15","14:26:15","14:31:15","14:37:15"
"3-117","UAM0224","6인승","6","상암","1","2","13:16:34","강남","2","2","17:18:49","13:47:42","13:48:42","13:54:12","13:56:12","17:18:49","17:20:49","17:25:49","17:31:49"
"3-118","UAM1003","6인승","6","상암","1","3","13:30:13","마곡","2","4","19:10:42","13:40:10","13:41:10","13:56:12","13:58:12","19:10:42","19:12:42","19:17:42","19:23:42"
"3-119","UAM0260","6인승","6","상암","1","4","13:31:59","용산","2","1","14:08:26","13:30:59","13:31:59","13:58:12","14:00:12","14:08:26","14:10:26","14:15:26","14:21:26"
"3-120","UAM0439","6인승","6","상암","1","1","13:37:50","천호","2","3","18:05:23","13:43:42","13:44:42","14:00:12","14:02:12","18:05:23","18:07:23","18:12:23","18:18:23"
"3-121","UAM0783","6인승","6","상암","1","2","13:45:29","사당","2","4","14:42:48","14:02:40","14:03:40","14:08:40","14:10:40","14:42:48","14:44:48","14:49:48","14:55:48"
"3-122","UAM0796","6인승","6","상암","1","1","13:55:52","성수","2","3","14:57:08","13:57:44","13:58:44","14:10:40","14:12:40","14:57:08","14:59:08","15:04:08","15:10:08"
"3-123","UAM0598","6인승","6","상암","1","2","13:59:24","마곡","2","4","20:02:42","14:04:10","14:05:10","14:12:40","14:14:40","20:02:42","20:04:42","20:09:42","20:15:42"
"3-124","UAM0837","6인승","6","상암","1","3","14:00:42","봉천","2","2","14:26:15","13:59:42","14:00:42","14:14:40","14:16:40","14:26:15","14:28:15","14:33:15","14:39:15"
"3-125","UAM0362","6인승","6","상암","1","3","14:00:59","강남","2","4","18:36:49","14:08:31","14:09:31","14:16:40","14:18:40","18:36:49","18:38:49","18:43:49","18:49:49"
"3-126","UAM1172","6인승","6","상암","1","3","14:02:23","가산","2","1","15:09:41","14:10:01","14:11:01","14:18:40","14:20:40","15:09:41","15:11:41","15:16:41","15:22:41"
"3-127","UAM0470","6인승","6","상암","1","2","14:03:41","수서","2","3","14:38:43","14:05:40","14:06:40","14:20:40","14:22:40","14:38:43","14:40:43","14:45:43","14:51:43"
"3-128","UAM0561","6인승","6","상암","1","1","14:04:51","망우","2","2","14:41:58","14:06:31","14:07:31","14:22:40","14:24:40","14:41:58","14:43:58","14:48:58","14:54:58"
"3-129","UAM0821","6인승","6","상암","1","1","14:09:25","광화문","2","3","15:41:25","14:08:25","14:09:25","14:24:40","14:26:40","15:41:25","15:43:25","15:48:25","15:54:25"
"3-130","UAM0843","6인승","6","상암","1","3","14:13:32","미아","2","1","14:43:33","14:12:32","14:13:32","14:26:40","14:28:40","14:43:33","14:45:33","14:50:33","14:56:33"
"3-131","UAM1245","6인승","6","상암","1","5","14:23:31","성수","2","4","15:34:15","14:22:31","14:23:31","14:28:40","14:30:40","15:34:15","15:36:15","15:41:15","15:47:15"
"3-132","UAM0895","6인승","6","상암","1","2","14:27:13","마곡","2","3","20:52:42","14:29:58","14:30:58","14:35:58","14:37:58","20:52:42","20:54:42","20:59:42","21:05:42"
"3-133","UAM0738","6인승","6","상암","1","2","14:27:16","잠실","2","2","15:01:23","14:31:28","14:32:28","14:37:58","14:39:58","15:01:23","15:03:23","15:08:23","15:14:23"
"3-134","UAM0021","6인승","6","상암","1","1","14:29:49","강남","2","3","19:08:49","14:35:44","14:36:44","14:41:44","14:43:44","19:08:49","19:10:49","19:15:49","19:21:49"
"3-135","UAM0157","6인승","6","상암","1","2","14:29:55","봉천","2","3","15:08:37","14:40:10","14:41:10","14:46:10","14:48:10","15:08:37","15:10:37","15:15:37","15:21:37"
"3-136","UAM0147","6인승","6","상암","1","2","14:30:53","가산","2","3","15:28:35","14:41:40","14:42:40","14:48:10","14:50:10","15:28:35","15:30:35","15:35:35","15:41:35"
"3-137","UAM0623","6인승","6","상암","1","1","14:44:17","천호","2","2","19:35:23","14:44:14","14:45:14","14:50:14","14:52:14","19:35:23","19:37:23","19:42:23","19:48:23"
"3-138","UAM0875","6인승","6","상암","1","2","14:44:32","수서","2","1","15:25:41","14:50:30","14:51:30","14:56:30","14:58:30","15:25:41","15:27:41","15:32:41","15:38:41"
"3-139","UAM1139","6인승","6","상암","1","2","14:50:46","미아","2","5","15:13:56","14:52:00","14:53:00","14:58:30","15:00:30","15:13:56","15:15:56","15:20:56","15:26:56"
"3-140","UAM0099","6인승","6","상암","1","1","14:51:54","가산","2","3","15:56:39","14:53:56","14:54:56","15:00:30","15:02:30","15:56:39","15:58:39","16:03:39","16:09:39"
"3-141","UAM0047","6인승","6","상암","1","2","14:53:58","광화문","2","2","16:23:25","15:00:31","15:01:31","15:06:31","15:08:31","16:23:25","16:25:25","16:30:25","16:36:25"
"3-142","UAM0409","6인승","6","상암","1","4","14:55:06","사당","2","4","15:41:39","14:54:06","14:55:06","15:08:31","15:10:31","15:41:39","15:43:39","15:48:39","15:54:39"
"3-143","UAM0861","6인승","6","상암","1","1","15:02:51","강남","2","3","19:58:49","15:06:10","15:07:10","15:12:10","15:14:10","19:58:49","20:00:49","20:05:49","20:11:49"
"3-144","UAM1177","6인승","6","상암","1","2","15:08:16","잠실","2","3","15:43:30","15:07:16","15:08:16","15:14:10","15:16:10","15:43:30","15:45:30","15:50:30","15:56:30"
"3-145","UAM0326","6인승","6","상암","1","2","15:09:53","천호","2","3","20:12:27","15:08:53","15:09:53","15:16:10","15:18:10","20:12:27","20:14:27","20:19:27","20:25:27"
"3-146","UAM0300","6인승","6","상암","1","1","15:12:38","망우","2","2","16:02:29","15:14:49","15:15:49","15:20:49","15:22:49","16:02:29","16:04:29","16:09:29","16:15:29"
"3-147","UAM0335","6인승","6","상암","1","1","15:16:30","마곡","2","4","22:18:42","15:16:19","15:17:19","15:22:49","15:24:49","22:18:42","22:20:42","22:25:42","22:31:42"
"3-148","UAM0382","6인승","6","상암","1","3","15:18:46","봉천","2","2","16:06:40","15:29:17","15:30:17","15:35:17","15:37:17","16:06:40","16:08:40","16:13:40","16:19:40"
"3-149","UAM0901","6인승","6","상암","1","3","15:21:32","수서","2","3","15:54:39","15:30:47","15:31:47","15:37:17","15:39:17","15:54:39","15:56:39","16:01:39","16:07:39"
"3-150","UAM0946","6인승","6","상암","1","2","15:25:17","천호","2","1","20:33:23","15:27:17","15:28:17","15:39:17","15:41:17","20:33:23","20:35:23","20:40:23","20:46:23"
"3-151","UAM1381","6인승","6","상암","1","1","15:25:19","성수","2","4","16:23:04","15:25:17","15:26:17","15:41:17","15:43:17","16:23:04","16:25:04","16:30:04","16:36:04"
"3-152","UAM0484","6인승","6","상암","1","3","15:34:14","강남","2","5","20:38:49","15:33:14","15:34:14","15:43:17","15:45:17","20:38:49","20:40:49","20:45:49","20:51:49"
"3-153","UAM1328","6인승","6","상암","1","4","15:37:58","가산","2","3","16:41:41","15:36:58","15:37:58","15:45:17","15:47:17","16:41:41","16:43:41","16:48:41","16:54:41"
"3-154","UAM0286","6인승","6","상암","1","2","15:43:50","봉천","2","3","16:25:44","15:42:50","15:43:50","15:48:50","15:50:50","16:25:44","16:27:44","16:32:44","16:38:44"
"3-155","UAM0828","6인승","6","상암","1","2","15:44:23","잠실","2","4","16:25:23","15:44:20","15:45:20","15:50:50","15:52:50","16:25:23","16:27:23","16:32:23","16:38:23"
"3-156","UAM0460","6인승","6","상암","1","1","15:49:59","천호","2","5","20:59:23","15:48:59","15:49:59","15:54:59","15:56:59","20:59:23","21:01:23","21:06:23","21:12:23"
"3-157","UAM0461","6인승","6","상암","1","1","15:51:43","성수","2","5","17:01:08","15:50:43","15:51:43","15:56:59","15:58:59","17:01:08","17:03:08","17:08:08","17:14:08"
"3-158","UAM0878","6인승","6","상암","1","3","15:51:45","수서","2","3","16:40:02","15:50:45","15:51:45","15:58:59","16:00:59","16:40:02","16:42:02","16:47:02","16:53:02"
"3-159","UAM1161","6인승","6","상암","1","3","15:52:48","강남","2","3","21:02:49","15:52:15","15:53:15","16:00:59","16:02:59","21:02:49","21:04:49","21:09:49","21:15:49"
"3-160","UAM0707","6인승","6","상암","1","3","15:55:55","미아","2","4","16:16:31","15:54:55","15:55:55","16:02:59","16:04:59","16:16:31","16:18:31","16:23:31","16:29:31"
"3-161","UAM0780","6인승","6","상암","1","2","15:57:40","사당","2","4","16:33:39","15:56:40","15:57:40","16:04:59","16:06:59","16:33:39","16:35:39","16:40:39","16:46:39"
"3-162","UAM0089","6인승","6","상암","1","1","15:59:35","마곡","2","4","23:22:42","16:01:42","16:02:42","16:07:42","16:09:42","23:22:42","23:24:42","23:29:42","23:35:42"
"3-163","UAM0046","6인승","6","상암","1","3","16:00:38","광화문","2","5","17:42:01","15:59:38","16:00:38","16:09:42","16:11:42","17:42:01","17:44:01","17:49:01","17:55:01"
"3-164","UAM0015","6인승","6","상암","1","1","16:04:12","망우","2","4","16:45:46","16:03:12","16:04:12","16:11:42","16:13:42","16:45:46","16:47:46","16:52:46","16:58:46"
"3-165","UAM0655","6인승","6","상암","1","1","16:06:03","용산","2","4","16:34:02","16:11:44","16:12:44","16:17:44","16:19:44","16:34:02","16:36:02","16:41:02","16:47:02"
"3-166","UAM0756","6인승","6","상암","1","4","16:09:50","천호","2","5","21:35:23","16:16:14","16:17:14","16:22:14","16:24:14","21:35:23","21:37:23","21:42:23","21:48:23"
"3-167","UAM0282","6인승","6","상암","1","2","16:15:18","가산","2","2","17:20:35","16:17:55","16:18:55","16:24:14","16:26:14","17:20:35","17:22:35","17:27:35","17:33:35"
"3-168","UAM1253","6인승","6","상암","1","1","16:21:03","봉천","2","3","16:43:58","16:20:10","16:21:10","16:26:14","16:28:14","16:43:58","16:45:58","16:50:58","16:56:58"
"3-169","UAM0911","6인승","6","상암","1","3","16:24:22","광화문","2","5","18:03:25","16:23:22","16:24:22","16:29:22","16:31:22","18:03:25","18:05:25","18:10:25","18:16:25"
"3-170","UAM0553","6인승","6","상암","1","4","16:27:26","잠실","2","3","16:51:54","16:26:26","16:27:26","16:32:26","16:34:26","16:51:54","16:53:54","16:58:54","17:04:54"
"3-171","UAM1386","6인승","6","상암","1","2","16:33:37","사당","2","4","16:58:33","16:38:31","16:39:31","16:44:31","16:46:31","16:58:33","17:00:33","17:05:33","17:11:33"
"3-172","UAM1158","6인승","6","상암","1","3","16:36:07","강남","2","2","22:02:49","16:40:31","16:41:31","16:46:31","16:48:31","22:02:49","22:04:49","22:09:49","22:15:49"
"3-173","UAM0950","6인승","6","상암","1","4","16:41:27","망우","2","2","17:29:46","16:45:44","16:46:44","16:51:44","16:53:44","17:29:46","17:31:46","17:36:46","17:42:46"
"3-174","UAM0206","6인승","6","상암","1","1","16:46:19","천호","2","3","22:39:23","16:45:19","16:46:19","16:53:44","16:55:44","22:39:23","22:41:23","22:46:23","22:52:23"
"3-175","UAM1000","6인승","6","상암","1","1","16:50:53","마곡","2","1","00:48:42","16:56:10","16:57:10","17:02:10","17:04:10","00:48:42","00:50:42","00:55:42","01:01:42"
"3-176","UAM1019","6인승","6","상암","1","1","16:53:25","성수","2","3","18:13:04","17:04:24","17:05:24","17:10:24","17:12:24","18:13:04","18:15:04","18:20:04","18:26:04"
"3-177","UAM0947","6인승","6","상암","1","3","16:59:43","천호","2","4","22:51:23","16:58:43","16:59:43","17:12:24","17:14:24","22:51:23","22:53:23","22:58:23","23:04:23"
"3-178","UAM0640","6인승","6","상암","1","2","17:00:27","광화문","2","3","18:29:25","16:59:27","17:00:27","17:14:24","17:16:24","18:29:25","18:31:25","18:36:25","18:42:25"
"3-179","UAM0596","6인승","6","상암","1","2","17:09:13","망우","2","3","17:50:29","17:08:45","17:09:45","17:16:24","17:18:24","17:50:29","17:52:29","17:57:29","18:03:29"
"3-180","UAM0845","6인승","6","상암","1","2","17:14:06","미아","2","4","17:39:54","17:20:31","17:21:31","17:26:31","17:28:31","17:39:54","17:41:54","17:46:54","17:52:54"
"3-181","UAM1546","6인승","6","상암","1","3","17:16:29","잠실","2","4","17:43:30","17:15:29","17:16:29","17:28:31","17:30:31","17:43:30","17:45:30","17:50:30","17:56:30"
"3-182","UAM0395","6인승","6","상암","1","1","17:17:23","가산","2","3","18:25:41","17:18:31","17:19:31","17:30:31","17:32:31","18:25:41","18:27:41","18:32:41","18:38:41"
"3-183","UAM0140","6인승","6","상암","1","1","17:19:45","사당","2","4","17:57:06","17:20:01","17:21:01","17:32:31","17:34:31","17:57:06","17:59:06","18:04:06","18:10:06"
"3-184","UAM0972","6인승","6","상암","1","2","17:24:41","성수","2","3","18:48:15","17:28:35","17:29:35","17:34:35","17:36:35","18:48:15","18:50:15","18:55:15","19:01:15"
"3-185","UAM0281","6인승","6","상암","1","1","17:26:50","강남","2","3","23:08:49","17:31:44","17:32:44","17:37:44","17:39:44","23:08:49","23:10:49","23:15:49","23:21:49"
"3-186","UAM0390","6인승","6","상암","1","1","17:27:42","마곡","2","1","01:52:42","17:33:14","17:34:14","17:39:44","17:41:44","01:52:42","01:54:42","01:59:42","02:05:42"
"3-187","UAM1622","6인승","6","상암","1","2","17:29:57","수서","2","4","18:05:16","17:30:05","17:31:05","17:41:44","17:43:44","18:05:16","18:07:16","18:12:16","18:18:16"
"3-188","UAM1054","6인승","6","상암","1","1","17:32:42","봉천","2","2","18:15:58","17:34:44","17:35:44","17:43:44","17:45:44","18:15:58","18:17:58","18:22:58","18:28:58"
"3-189","UAM0042","6인승","6","상암","1","3","17:34:29","광화문","2","1","19:21:25","17:33:29","17:34:29","17:45:44","17:47:44","19:21:25","19:23:25","19:28:25","19:34:25"
"3-190","UAM0172","6인승","6","상암","1","4","17:38:29","천호","2","2","00:17:23","17:37:29","17:38:29","17:47:44","17:49:44","00:17:23","00:19:23","00:24:23","00:30:23"
"3-191","UAM1578","6인승","6","상암","1","2","17:49:23","잠실","2","3","18:29:54","17:55:17","17:56:17","18:01:17","18:03:17","18:29:54","18:31:54","18:36:54","18:42:54"
"3-192","UAM0293","6인승","6","상암","1","1","17:52:41","미아","2","4","18:16:42","17:53:17","17:54:17","18:03:17","18:05:17","18:16:42","18:18:42","18:23:42","18:29:42"
"3-193","UAM1611","6인승","6","상암","1","4","17:54:30","강남","2","1","23:52:49","17:59:17","18:00:17","18:05:17","18:07:17","23:52:49","23:54:49","23:59:49","00:05:49"
"3-194","UAM1355","6인승","6","상암","1","1","17:57:42","성수","2","3","19:23:04","18:01:44","18:02:44","18:07:44","18:09:44","19:23:04","19:25:04","19:30:04","19:36:04"
"3-195","UAM0916","6인승","6","상암","1","2","17:58:02","용산","2","1","18:19:58","17:57:02","17:58:02","18:09:44","18:11:44","18:19:58","18:21:58","18:26:58","18:32:58"
"3-196","UAM0520","6인승","6","상암","1","4","17:58:46","천호","2","1","00:57:23","18:00:47","18:01:47","18:11:44","18:13:44","00:57:23","00:59:23","01:04:23","01:10:23"
"3-197","UAM0712","6인승","6","상암","1","1","17:59:42","수서","2","3","18:49:41","18:17:55","18:18:55","18:23:55","18:25:55","18:49:41","18:51:41","18:56:41","19:02:41"
"3-198","UAM1628","6인승","6","상암","1","2","18:08:52","광화문","2","2","19:51:25","18:12:35","18:13:35","18:25:55","18:27:55","19:51:25","19:53:25","19:58:25","20:04:25"
"3-199","UAM0502","6인승","6","상암","1","2","18:09:30","마곡","2","2","02:50:42","18:14:05","18:15:05","18:27:55","18:29:55","02:50:42","02:52:42","02:57:42","03:03:42"
"3-200","UAM0803","6인승","6","상암","1","1","18:15:20","사당","2","3","18:53:39","18:19:25","18:20:25","18:29:55","18:31:55","18:53:39","18:55:39","19:00:39","19:06:39"
"3-201","UAM1710","6인승","6","상암","1","1","18:21:41","성수","2","4","19:53:08","18:20:55","18:21:55","18:31:55","18:33:55","19:53:08","19:55:08","20:00:08","20:06:08"
"3-202","UAM0730","6인승","6","상암","1","1","18:24:25","가산","2","1","19:35:54","18:23:25","18:24:25","18:33:55","18:35:55","19:35:54","19:37:54","19:42:54","19:48:54"
"3-203","UAM0010","6인승","6","상암","1","2","18:28:01","천호","2","1","01:35:23","18:34:24","18:35:24","18:40:24","18:42:24","01:35:23","01:37:23","01:42:23","01:48:23"
"3-204","UAM0824","6인승","6","상암","1","2","18:34:35","강남","2","3","00:46:49","18:43:17","18:44:17","18:49:17","18:51:17","00:46:49","00:48:49","00:53:49","00:59:49"
"3-205","UAM0610","6인승","6","상암","1","4","18:44:20","광화문","2","4","20:25:25","18:43:20","18:44:20","18:51:17","18:53:17","20:25:25","20:27:25","20:32:25","20:38:25"
"3-206","UAM1426","6인승","6","상암","1","2","18:47:56","강남","2","3","01:04:49","18:51:55","18:52:55","18:57:55","18:59:55","01:04:49","01:06:49","01:11:49","01:17:49"
"3-207","UAM0272","6인승","6","상암","1","3","18:48:00","봉천","2","2","19:22:57","18:49:44","18:50:44","18:59:55","19:01:55","19:22:57","19:24:57","19:29:57","19:35:57"
"3-208","UAM0765","6인승","6","상암","1","2","18:48:53","망우","2","2","19:41:46","19:00:25","19:01:25","19:06:25","19:08:25","19:41:46","19:43:46","19:48:46","19:54:46"
"3-209","UAM0886","6인승","6","상암","1","3","18:49:59","천호","2","4","02:15:23","18:57:55","18:58:55","19:08:25","19:10:25","02:15:23","02:17:23","02:22:23","02:28:23"
"3-210","UAM0485","6인승","6","상암","1","1","18:54:07","수서","2","2","19:44:43","19:02:30","19:03:30","19:10:25","19:12:25","19:44:43","19:46:43","19:51:43","19:57:43"
"3-211","UAM0819","6인승","6","상암","1","2","18:56:53","마곡","2","4","04:16:42","19:01:55","19:02:55","19:12:25","19:14:25","04:16:42","04:18:42","04:23:42","04:29:42"
"3-212","UAM1085","6인승","6","상암","1","3","18:57:16","성수","2","5","20:34:15","18:59:25","19:00:25","19:14:25","19:16:25","20:34:15","20:36:15","20:41:15","20:47:15"
"3-213","UAM0831","6인승","6","상암","1","2","18:59:24","잠실","2","4","19:31:08","19:03:25","19:04:25","19:16:25","19:18:25","19:31:08","19:33:08","19:38:08","19:44:08"
"3-214","UAM1827","6인승","6","상암","1","2","19:01:54","광화문","2","3","20:52:54","19:04:55","19:05:55","19:18:25","19:20:25","20:52:54","20:54:54","20:59:54","21:05:54"
"3-215","UAM1306","6인승","6","상암","1","4","19:03:42","강남","2","4","01:32:49","19:02:42","19:03:42","19:20:25","19:22:25","01:32:49","01:34:49","01:39:49","01:45:49"
"3-216","UAM1528","6인승","6","상암","1","1","19:13:29","천호","2","1","02:58:27","19:12:29","19:13:29","19:22:25","19:24:25","02:58:27","03:00:27","03:05:27","03:11:27"
"3-217","UAM1079","6인승","6","상암","1","1","19:15:11","마곡","2","1","04:52:42","19:28:14","19:29:14","19:34:14","19:36:14","04:52:42","04:54:42","04:59:42","05:05:42"
"3-218","UAM0584","6인승","6","상암","1","1","19:18:00","가산","2","3","20:31:41","19:29:44","19:30:44","19:36:14","19:38:14","20:31:41","20:33:41","20:38:41","20:44:41"
"3-219","UAM1610","6인승","6","상암","1","2","19:24:06","성수","2","4","21:06:15","19:23:17","19:24:17","19:38:14","19:40:14","21:06:15","21:08:15","21:13:15","21:19:15"
"3-220","UAM0147","6인승","6","상암","1","3","19:31:53","잠실","2","1","20:09:54","19:33:44","19:34:44","19:40:14","19:42:14","20:09:54","20:11:54","20:16:54","20:22:54"
"3-221","UAM0099","6인승","6","상암","1","1","19:33:36","강남","2","2","02:04:49","19:37:55","19:38:55","19:43:55","19:45:55","02:04:49","02:06:49","02:11:49","02:17:49"
"3-222","UAM1820","6인승","6","상암","1","3","19:38:55","사당","2","3","20:34:41","19:37:55","19:38:55","19:45:55","19:47:55","20:34:41","20:36:41","20:41:41","20:47:41"
"3-223","UAM1703","6인승","6","상암","1","2","19:42:57","미아","2","2","20:00:02","19:41:57","19:42:57","19:47:57","19:49:57","20:00:02","20:02:02","20:07:02","20:13:02"
"3-224","UAM0543","6인승","6","상암","1","1","19:43:07","수서","2","1","20:12:43","19:48:10","19:49:10","19:54:10","19:56:10","20:12:43","20:14:43","20:19:43","20:25:43"
"3-225","UAM0018","6인승","6","상암","1","3","19:45:43","천호","2","1","03:53:23","19:52:10","19:53:10","19:58:10","20:00:10","03:53:23","03:55:23","04:00:23","04:06:23"
"3-226","UAM0341","6인승","6","상암","1","1","19:45:49","망우","2","3","20:53:30","19:49:40","19:50:40","20:00:10","20:02:10","20:53:30","20:55:30","21:00:30","21:06:30"
"3-227","UAM0300","6인승","6","상암","1","1","19:53:37","성수","2","2","21:42:15","19:59:17","20:00:17","20:05:17","20:07:17","21:42:15","21:44:15","21:49:15","21:55:15"
"3-228","UAM0382","6인승","6","상암","1","3","19:57:16","마곡","2","3","05:50:42","20:03:17","20:04:17","20:09:17","20:11:17","05:50:42","05:52:42","05:57:42","06:03:42"
"3-229","UAM1008","6인승","6","상암","1","1","20:04:50","강남","2","2","02:44:49","20:07:44","20:08:44","20:13:44","20:15:44","02:44:49","02:46:49","02:51:49","02:57:49"
"3-230","UAM1570","6인승","6","상암","1","2","20:07:29","봉천","2","3","20:38:37","20:16:26","20:17:26","20:22:26","20:24:26","20:38:37","20:40:37","20:45:37","20:51:37"
"3-231","UAM1207","6인승","6","상암","1","1","20:12:02","잠실","2","3","20:39:54","20:11:02","20:12:02","20:24:26","20:26:26","20:39:54","20:41:54","20:46:54","20:52:54"
"3-232","UAM1697","6인승","6","상암","1","2","20:18:18","광화문","2","4","21:48:54","20:17:56","20:18:56","20:26:26","20:28:26","21:48:54","21:50:54","21:55:54","22:01:54"
"3-233","UAM1695","6인승","6","상암","1","3","20:20:30","성수","2","4","22:11:08","20:31:44","20:32:44","20:37:44","20:39:44","22:11:08","22:13:08","22:18:08","22:24:08"
"3-234","UAM1019","6인승","6","상암","1","3","20:20:47","천호","2","1","04:40:27","20:33:14","20:34:14","20:39:44","20:41:44","04:40:27","04:42:27","04:47:27","04:53:27"
"3-235","UAM1167","6인승","6","상암","1","1","20:35:19","수서","2","1","20:59:06","20:34:19","20:35:19","20:41:44","20:43:44","20:59:06","21:01:06","21:06:06","21:12:06"
"3-236","UAM1649","6인승","6","상암","1","3","20:41:52","사당","2","3","21:27:06","20:40:52","20:41:52","20:46:52","20:48:52","21:27:06","21:29:06","21:34:06","21:40:06"
"3-237","UAM1040","6인승","6","상암","1","2","20:50:16","강남","2","3","03:32:49","20:49:16","20:50:16","20:55:16","20:57:16","03:32:49","03:34:49","03:39:49","03:45:49"
"3-238","UAM0923","6인승","6","상암","1","1","20:53:17","마곡","2","3","07:10:42","20:52:17","20:53:17","20:58:17","21:00:17","07:10:42","07:12:42","07:17:42","07:23:42"
"3-239","UAM0688","6인승","6","상암","1","2","20:57:23","망우","2","1","21:43:46","20:56:23","20:57:23","21:02:23","21:04:23","21:43:46","21:45:46","21:50:46","21:56:46"
"3-240","UAM1186","6인승","6","상암","1","2","21:01:10","봉천","2","3","21:30:37","21:00:10","21:01:10","21:06:10","21:08:10","21:30:37","21:32:37","21:37:37","21:43:37"
"3-241","UAM0622","6인승","6","상암","1","2","21:03:53","용산","2","1","21:19:07","21:02:53","21:03:53","21:08:53","21:10:53","21:19:07","21:21:07","21:26:07","21:32:07"
"3-242","UAM1646","6인승","6","상암","1","1","21:13:58","잠실","2","4","21:43:23","21:17:44","21:18:44","21:23:44","21:25:44","21:43:23","21:45:23","21:50:23","21:56:23"
"3-243","UAM0282","6인승","6","상암","1","1","21:16:37","성수","2","4","23:02:15","21:33:07","21:34:07","21:39:07","21:41:07","23:02:15","23:04:15","23:09:15","23:15:15"
"3-244","UAM0442","6인승","6","상암","1","1","21:20:05","광화문","2","4","22:23:25","21:41:17","21:42:17","21:47:17","21:49:17","22:23:25","22:25:25","22:30:25","22:36:25"
"3-245","UAM0934","6인승","6","상암","1","2","21:23:59","천호","2","5","05:45:23","21:22:59","21:23:59","21:49:17","21:51:17","05:45:23","05:47:23","05:52:23","05:58:23"
"3-246","UAM1903","6인승","6","상암","1","1","21:28:14","마곡","2","2","07:54:42","21:42:47","21:43:47","21:51:17","21:53:17","07:54:42","07:56:42","08:01:42","08:07:42"
