hour,hour_label,vertiport_id,vertiport,requested,processed,unserved,processing_rate,flight_count,avg_load_factor,avg_gate_to_gate_sec,avg_departure_wait_sec,avg_arrival_wait_sec
6,06:00,가산,가산,1,1,0,1,1,0.5,1327.23,0,0
6,06:00,강남,강남,3,3,0,1,2,0.75,1167.55,10,158.06
6,06:00,광화문,광화문,1,1,0,1,1,0.5,985.01,0,27.04
6,06:00,마곡,마곡,1,1,0,1,1,0.5,1442.59,0,0
6,06:00,목동,목동,2,2,0,1,2,0.5,967.15,10,0
6,06:00,미아,미아,1,1,0,1,1,0.5,1485.91,0,0
6,06:00,봉천,봉천,1,1,0,1,1,0.5,1026.18,0,0
6,06:00,사당,사당,1,1,0,1,1,0.5,1137.12,0,0
6,06:00,성수,성수,1,1,0,1,1,0.5,1041.79,0,0
6,06:00,여의도,여의도,4,4,0,1,4,0.5,1172.31,185.71333333333334,40.09
6,06:00,용산,용산,1,1,0,1,1,0.5,1122.28,0,250.6
6,06:00,잠실,잠실,1,1,0,1,1,0.5,964.31,0,0
6,06:00,천호,천호,2,2,0,1,2,0.5,1025.42,10,29.88
7,07:00,가산,가산,4,4,0,1,4,0.5,1371.6799999999998,130.38,231.24
7,07:00,강남,강남,3,3,0,1,3,0.5,1442.8266666666666,154.285,232.42000000000002
7,07:00,광화문,광화문,4,4,0,1,4,0.5,1320.0325,225.71333333333334,79.91333333333334
7,07:00,마곡,마곡,4,4,0,1,4,0.5,1521.1175,185.71333333333334,0
7,07:00,망우,망우,1,1,0,1,1,0.5,1152.28,0,190.3
7,07:00,목동,목동,6,6,0,1,5,0.6,1264.598,125.86999999999999,34.72
7,07:00,미아,미아,5,5,0,1,4,0.625,1598.5425,225.71333333333334,221.02
7,07:00,봉천,봉천,3,3,0,1,3,0.5,1507.14,139.285,271.77
7,07:00,사당,사당,3,3,0,1,3,0.5,1463.3500000000001,139.285,194.48333333333335
7,07:00,성수,성수,2,2,0,1,2,0.5,1281,10,207.15
7,07:00,수서,수서,5,5,0,1,4,0.625,8639.5725,215.71333333333334,399.55999999999995
7,07:00,여의도,여의도,4,4,0,1,3,0.6666666666666666,1107.23,40,141.64
7,07:00,연신내,연신내,3,3,0,1,3,0.5,1284.1766666666665,139.285,0
7,07:00,용산,용산,1,1,0,1,1,0.5,1309.77,0,0
7,07:00,잠실,잠실,5,5,0,1,5,0.5,4612.876,112.38,320.90999999999997
7,07:00,천호,천호,5,5,0,1,5,0.5,3237.5060000000003,249.57,374.6066666666666
8,08:00,가산,가산,4,3,1,0.75,3,0.5,1766.0166666666667,40,66.24
8,08:00,강남,강남,5,5,0,1,5,0.5,3907.2519999999995,328.57,249.59
8,08:00,광화문,광화문,6,6,0,1,6,0.5,1473.415,318.57,238
8,08:00,마곡,마곡,4,4,0,1,4,0.5,1546.205,313.57,154.72
8,08:00,망우,망우,2,2,0,1,2,0.5,1291.255,40,225.33
8,08:00,목동,목동,4,4,0,1,4,0.5,3106.965,265.7133333333333,570.485
8,08:00,봉천,봉천,1,1,0,1,1,0.5,1212.28,0,44.92
8,08:00,사당,사당,4,4,0,1,4,0.5,2254.685,373.57,407.3033333333333
8,08:00,성수,성수,4,2,2,0.5,2,0.5,1516.255,0,392.17
8,08:00,수서,수서,4,4,0,1,4,0.5,1386.815,124.285,202.13
8,08:00,여의도,여의도,1,1,0,1,1,0.5,904.47,0,0
8,08:00,연신내,연신내,2,2,0,1,2,0.5,1224.655,40,0
8,08:00,용산,용산,4,4,0,1,3,0.6666666666666666,1249.59,199.285,153.79
8,08:00,잠실,잠실,2,1,1,0.5,1,0.5,1520.88,0,40.98
8,08:00,천호,천호,5,4,1,0.8,4,0.5,1279.155,146.285,0
9,09:00,가산,가산,2,2,0,1,2,0.5,1225.9099999999999,0,171.05
9,09:00,강남,강남,6,6,0,1,5,0.6,1309.016,265.7133333333333,111.82000000000001
9,09:00,광화문,광화문,2,2,0,1,2,0.5,1062.435,0,0
9,09:00,마곡,마곡,2,2,0,1,2,0.5,1358.0700000000002,70,0
9,09:00,망우,망우,4,4,0,1,4,0.5,1401.8475,343.57,59.07666666666666
9,09:00,목동,목동,6,6,0,1,6,0.5,3056.065,348.57,734.43
9,09:00,미아,미아,2,2,0,1,2,0.5,1418.755,10,64.08
9,09:00,봉천,봉천,4,4,0,1,4,0.5,1341.3200000000002,265.7133333333333,77.83999999999999
9,09:00,사당,사당,2,2,0,1,2,0.5,1335.18,70,251.325
9,09:00,상암,상암,1,1,0,1,1,0.5,1460.85,0,534.13
9,09:00,성수,성수,3,3,0,1,3,0.5,999.9233333333333,54.70000000000001,0
9,09:00,수서,수서,1,1,0,1,1,0.5,1759.43,0,520.71
9,09:00,여의도,여의도,2,2,0,1,2,0.5,2773.32,10,438.86
9,09:00,연신내,연신내,1,1,0,1,1,0.5,1160.72,0,0
9,09:00,용산,용산,1,1,0,1,1,0.5,901.68,0,0
9,09:00,잠실,잠실,5,3,2,0.6,3,0.5,1175.9633333333331,0,0
9,09:00,천호,천호,4,0,4,0,0,0,0,0,0
10,10:00,가산,가산,4,4,0,1,4,0.5,1202.21,0,148.76
10,10:00,강남,강남,12,11,1,0.9167,8,0.6875,1234.3325,8.284,405.86
10,10:00,광화문,광화문,4,4,0,1,4,0.5,1366.965,199.285,225.22500000000002
10,10:00,마곡,마곡,2,2,0,1,2,0.5,1492.69,10,303.29
10,10:00,망우,망우,4,4,0,1,3,0.6666666666666666,2457.9,328.57,265.47333333333336
10,10:00,목동,목동,6,6,0,1,6,0.5,1155.8383333333331,103.04666666666667,157.28
10,10:00,미아,미아,2,2,0,1,2,0.5,1385.375,40,0
10,10:00,봉천,봉천,4,4,0,1,4,0.5,1164.1475,169.285,156.42
10,10:00,사당,사당,4,4,0,1,4,0.5,1170.7675,298.57,0
10,10:00,상암,상암,3,3,0,1,3,0.5,1305.7666666666667,139.285,163.94
10,10:00,성수,성수,5,4,1,0.8,4,0.5,1255.2475,10,188.78
10,10:00,수서,수서,2,2,0,1,2,0.5,1001.395,40,0
10,10:00,여의도,여의도,3,3,0,1,3,0.5,1239.5866666666668,229.285,0
10,10:00,연신내,연신내,4,4,0,1,4,0.5,1531.1475,225.71333333333334,331.65
10,10:00,잠실,잠실,3,2,1,0.6667,2,0.5,993.7449999999999,0,0
10,10:00,천호,천호,1,1,0,1,1,0.5,1357.23,0,0
11,11:00,가산,가산,5,5,0,1,3,0.8333333333333334,1632.0200000000002,0,564.14
11,11:00,강남,강남,9,8,1,0.8889,7,0.5714285714285714,1954.3142857142855,24.57,612.605
11,11:00,광화문,광화문,2,2,0,1,2,0.5,1228.805,10,95.43
11,11:00,마곡,마곡,2,2,0,1,2,0.5,1206.27,0,0
11,11:00,망우,망우,3,3,0,1,3,0.5,1286.6166666666666,328.57,0
11,11:00,목동,목동,1,1,0,1,1,0.5,1246.03,0,0
11,11:00,미아,미아,1,1,0,1,1,0.5,1312.22,0,0
11,11:00,봉천,봉천,2,2,0,1,2,0.5,1134.205,0,0
11,11:00,사당,사당,7,5,2,0.7143,4,0.625,1149.0525,40,38.23
11,11:00,상암,상암,2,2,0,1,2,0.5,957.35,0,0
11,11:00,성수,성수,7,5,2,0.7143,4,0.625,1195.7775000000001,0,253.65
11,11:00,수서,수서,2,2,0,1,2,0.5,1452.905,40,0
11,11:00,여의도,여의도,3,3,0,1,3,0.5,1244.3833333333334,214.285,31.35
11,11:00,연신내,연신내,3,3,0,1,3,0.5,1403.0266666666666,40,65.92
11,11:00,용산,용산,2,2,0,1,2,0.5,1048.24,40,43.755
11,11:00,잠실,잠실,4,2,2,0.5,2,0.5,1829.345,0,515.86
11,11:00,천호,천호,8,7,1,0.875,5,0.7,1933.208,194.04666666666665,501.5
12,12:00,가산,가산,1,1,0,1,1,0.5,1170.57,0,74.53
12,12:00,강남,강남,4,2,2,0.5,2,0.5,1576.335,0,844.86
12,12:00,광화문,광화문,5,5,0,1,5,0.5,1132.244,170.04666666666665,0
12,12:00,마곡,마곡,5,5,0,1,5,0.5,2117.5440000000003,303.57,65.495
12,12:00,망우,망우,3,3,0,1,3,0.5,1254.9833333333333,328.57,0
12,12:00,목동,목동,3,3,0,1,2,0.75,1209.33,70,148.07500000000002
12,12:00,미아,미아,5,5,0,1,5,0.5,1552.742,303.57,176.28
12,12:00,봉천,봉천,2,2,0,1,2,0.5,1207.2350000000001,0,171.06
12,12:00,사당,사당,3,3,0,1,3,0.5,1063.4733333333334,0,124.56
12,12:00,상암,상암,4,4,0,1,3,0.6666666666666666,1256.47,139.285,177.62
12,12:00,성수,성수,5,5,0,1,4,0.625,1089.01,0.57,0
12,12:00,수서,수서,4,4,0,1,4,0.5,1296.845,275.7133333333333,37.63
12,12:00,여의도,여의도,4,4,0,1,4,0.5,1110.345,40,0
12,12:00,연신내,연신내,3,3,0,1,2,0.75,1276.65,0,60.02
12,12:00,용산,용산,3,1,2,0.3333,1,0.5,1091.9,0,0
12,12:00,잠실,잠실,5,5,0,1,5,0.5,1559.086,103.80499999999999,850.43
12,12:00,천호,천호,8,5,3,0.625,3,0.8333333333333334,1574.533333333333,30.27,443.5
13,13:00,가산,가산,4,4,0,1,4,0.5,2164.6099999999997,169.285,417.075
13,13:00,강남,강남,3,3,0,1,3,0.5,1048.2033333333334,0,0
13,13:00,광화문,광화문,7,6,1,0.8571,5,0.6,1691.14,107.785,523.2233333333334
13,13:00,마곡,마곡,2,2,0,1,2,0.5,1313.405,10,32.67
13,13:00,망우,망우,1,1,0,1,1,0.5,1186.16,0,0
13,13:00,목동,목동,7,7,0,1,5,0.7,1570.538,348.57,127.8
13,13:00,미아,미아,1,1,0,1,1,0.5,1369.77,0,0
13,13:00,봉천,봉천,3,3,0,1,3,0.5,2290.08,40,259.265
13,13:00,상암,상암,1,1,0,1,1,0.5,1011.51,0,0
13,13:00,성수,성수,4,4,0,1,3,0.6666666666666666,2236.11,200.57,553.86
13,13:00,수서,수서,2,2,0,1,2,0.5,1054.625,0,0
13,13:00,여의도,여의도,4,4,0,1,4,0.5,1107.1825,106.285,0
13,13:00,연신내,연신내,5,4,1,0.8,4,0.5,1214.4175,169.285,71.55
13,13:00,용산,용산,3,2,1,0.6667,2,0.5,1834.7649999999999,0,453.86
13,13:00,잠실,잠실,4,2,2,0.5,2,0.5,1171.38,0,0
13,13:00,천호,천호,4,4,0,1,4,0.5,1802.83,0,453.86
14,14:00,가산,가산,4,4,0,1,4,0.5,1276.375,199.285,305.62
14,14:00,강남,강남,11,7,4,0.6364,4,0.875,1613.08,0.57,1146
14,14:00,광화문,광화문,7,1,6,0.1429,1,0.5,1126.04,0,0
14,14:00,마곡,마곡,2,2,0,1,2,0.5,1447.24,70,0
14,14:00,망우,망우,2,2,0,1,2,0.5,1106.25,10,0
14,14:00,목동,목동,5,5,0,1,3,0.8333333333333334,1346.9166666666667,214.285,35.54
14,14:00,미아,미아,2,2,0,1,2,0.5,1268.3400000000001,0,2.1
14,14:00,봉천,봉천,4,4,0,1,4,0.5,1181.4699999999998,167.785,0
14,14:00,사당,사당,1,1,0,1,1,0.5,4453.71,0,428.86
14,14:00,상암,상암,2,2,0,1,2,0.5,1101.55,10,157.96
14,14:00,성수,성수,3,3,0,1,3,0.5,1187.0600000000002,199.285,12.9
14,14:00,수서,수서,3,3,0,1,3,0.5,1140.6933333333334,298.57,0
14,14:00,여의도,여의도,6,4,2,0.6667,3,0.6666666666666666,2225.0466666666666,0,447.14
14,14:00,용산,용산,1,1,0,1,1,0.5,1186.16,0,0
14,14:00,잠실,잠실,3,1,2,0.3333,1,0.5,2572.71,0,398.86
14,14:00,천호,천호,3,3,0,1,3,0.5,1309.4066666666668,154.285,204.72
15,15:00,가산,가산,3,3,0,1,3,0.5,2745.7333333333336,214.285,1454.57
15,15:00,강남,강남,6,1,5,0.1667,1,0.5,1122.77,0,0
15,15:00,광화문,광화문,4,3,1,0.75,2,0.75,1076.2549999999999,0,47.02
15,15:00,마곡,마곡,2,2,0,1,2,0.5,1779.43,10,483.38
15,15:00,망우,망우,3,3,0,1,3,0.5,1362.8833333333334,169.285,189.3
15,15:00,목동,목동,7,7,0,1,7,0.5,2171.922857142857,603.426,1186
15,15:00,미아,미아,1,1,0,1,1,0.5,1166.48,0,0
15,15:00,사당,사당,5,5,0,1,4,0.625,2371.725,225.71333333333334,474.31250000000006
15,15:00,상암,상암,2,2,0,1,2,0.5,1224.165,10,48.39
15,15:00,성수,성수,3,3,0,1,3,0.5,1316.6933333333334,214.285,190.95
15,15:00,수서,수서,4,4,0,1,4,0.5,1343.625,235.71333333333334,101.52
15,15:00,여의도,여의도,2,0,2,0,0,0,0,0,0
15,15:00,용산,용산,1,1,0,1,1,0.5,1153.18,0,0
15,15:00,잠실,잠실,5,2,3,0.4,1,1,933.27,0,0
15,15:00,천호,천호,5,5,0,1,5,0.5,2152.068,265.7133333333333,783.2349999999999
16,16:00,가산,가산,3,3,0,1,3,0.5,1860.3500000000001,214.285,653.815
16,16:00,강남,강남,12,7,5,0.5833,4,0.875,2972.9525,0,1041
16,16:00,광화문,광화문,3,2,1,0.6667,2,0.5,1098.34,0,0
16,16:00,마곡,마곡,7,7,0,1,7,0.5,2002.8085714285714,562.855,215.76500000000001
16,16:00,망우,망우,4,4,0,1,4,0.5,1401.7299999999998,265.7133333333333,50.38
16,16:00,목동,목동,6,6,0,1,4,0.75,1194.0875,169.285,34.75
16,16:00,미아,미아,1,1,0,1,1,0.5,982.33,0,0
16,16:00,봉천,봉천,4,4,0,1,4,0.5,1432.8125,70,1227.49
16,16:00,사당,사당,1,1,0,1,1,0.5,1071.15,0,0
16,16:00,상암,상암,3,3,0,1,3,0.5,1763.7166666666665,298.57,1184.77
16,16:00,성수,성수,3,3,0,1,3,0.5,1205.1666666666667,244.285,12.9
16,16:00,수서,수서,3,3,0,1,3,0.5,2464.86,124.285,835.71
16,16:00,여의도,여의도,3,3,0,1,3,0.5,1019.94,0,24.59
16,16:00,연신내,연신내,2,2,0,1,2,0.5,1354.7,10,40.49
16,16:00,용산,용산,2,2,0,1,2,0.5,1006.7850000000001,0,0
16,16:00,잠실,잠실,5,3,2,0.6,3,0.5,1715.4333333333334,0,414.55499999999995
16,16:00,천호,천호,3,3,0,1,3,0.5,1375.4000000000003,214.285,132.34
17,17:00,강남,강남,12,9,3,0.75,6,0.75,2172.7033333333334,0.4266666666666666,639.785
17,17:00,광화문,광화문,4,4,0,1,4,0.5,1792.4450000000002,0,424.6233333333333
17,17:00,마곡,마곡,4,4,0,1,4,0.5,1343.23,245.71333333333334,0
17,17:00,망우,망우,1,1,0,1,1,0.5,1204.03,0,0
17,17:00,목동,목동,4,4,0,1,4,0.5,2001.5575,27.205,418.27
17,17:00,미아,미아,4,4,0,1,4,0.5,1541.3425,235.71333333333334,93.48
17,17:00,사당,사당,2,2,0,1,2,0.5,3120.26,40,562.02
17,17:00,상암,상암,1,1,0,1,1,0.5,1336.16,0,0
17,17:00,성수,성수,5,5,0,1,3,0.8333333333333334,1229.7066666666667,268.57,362.61
17,17:00,수서,수서,4,4,0,1,3,0.6666666666666666,1256.2033333333334,169.285,85.92
17,17:00,여의도,여의도,2,2,0,1,1,1,2917.28,0,727.43
17,17:00,연신내,연신내,3,2,1,0.6667,2,0.5,1565.9299999999998,40,346.73
17,17:00,용산,용산,3,2,1,0.6667,2,0.5,2857.45,0,757.43
17,17:00,잠실,잠실,1,1,0,1,1,0.5,892.18,0,0
17,17:00,천호,천호,2,2,0,1,2,0.5,1162.895,0,56.75
18,18:00,가산,가산,4,4,0,1,4,0.5,1293.24,328.57,110.215
18,18:00,강남,강남,6,6,0,1,4,0.75,1966.985,0,471.8966666666667
18,18:00,광화문,광화문,2,2,0,1,2,0.5,3033.52,40,817.43
18,18:00,마곡,마곡,6,6,0,1,4,0.75,1507.8100000000002,195.71333333333334,116.59
18,18:00,망우,망우,2,2,0,1,2,0.5,1290.05,40,0
18,18:00,목동,목동,7,7,0,1,5,0.7,1926.23,13,393.09000000000003
18,18:00,미아,미아,1,1,0,1,1,0.5,1123.86,0,0
18,18:00,봉천,봉천,3,3,0,1,3,0.5,1309.0266666666666,214.285,319.34
18,18:00,사당,사당,4,4,0,1,4,0.5,1066.2125,10,184.01
18,18:00,상암,상암,3,3,0,1,3,0.5,1156.7733333333333,214.285,0
18,18:00,성수,성수,3,3,0,1,2,0.75,2898.375,10,757.43
18,18:00,수서,수서,6,3,3,0.5,2,0.75,1356.31,40,608.37
18,18:00,여의도,여의도,4,4,0,1,3,0.6666666666666666,964.1,40,11.98
18,18:00,연신내,연신내,2,2,0,1,2,0.5,1520.135,0,0
18,18:00,용산,용산,2,1,1,0.5,1,0.5,0,0,0
18,18:00,잠실,잠실,3,3,0,1,3,0.5,1817.0766666666666,0,1026
18,18:00,천호,천호,4,4,0,1,4,0.5,1497.145,265.7133333333333,31.27
19,19:00,가산,가산,4,4,0,1,4,0.5,3705.08,358.57,91.91
19,19:00,강남,강남,7,6,1,0.8571,5,0.6,1639.2750000000003,0,779.43
19,19:00,광화문,광화문,3,3,0,1,3,0.5,1180.8833333333332,0,15.52
19,19:00,마곡,마곡,2,2,0,1,2,0.5,1245.7849999999999,0,317.65
19,19:00,망우,망우,1,1,0,1,1,0.5,1629.14,0,619.19
19,19:00,목동,목동,5,5,0,1,4,0.625,1202.2266666666667,40,216.93
19,19:00,미아,미아,2,2,0,1,2,0.5,1624.05,0,0
19,19:00,봉천,봉천,5,4,1,0.8,3,0.6666666666666666,1211.6733333333334,92.285,40.99
19,19:00,사당,사당,5,2,3,0.4,2,0.5,1118.62,0,0
19,19:00,상암,상암,3,3,0,1,3,0.5,1213.6466666666668,298.57,205.57
19,19:00,성수,성수,2,2,0,1,2,0.5,1286.4,0,157.64
19,19:00,수서,수서,8,4,4,0.5,3,0.6666666666666666,1554.4333333333334,0,482.91499999999996
19,19:00,여의도,여의도,4,4,0,1,4,0.5,1417.3,245.71333333333334,192.73
19,19:00,연신내,연신내,3,3,0,1,3,0.5,1080.7333333333333,0,352.2
19,19:00,용산,용산,1,1,0,1,1,0.5,1195.18,0,0
19,19:00,잠실,잠실,3,3,0,1,3,0.5,1330.8833333333332,298.57,232.86
19,19:00,천호,천호,6,6,0,1,5,0.6,1491.092,401.07,189.69
20,20:00,가산,가산,5,5,0,1,5,0.5,1433.1499999999999,296.07,38.105000000000004
20,20:00,강남,강남,6,3,3,0.5,3,0.5,1167.2966666666669,0,13.23
20,20:00,광화문,광화문,3,3,0,1,3,0.5,1155.0033333333333,0,83.38
20,20:00,마곡,마곡,4,4,0,1,4,0.5,1574.3099999999997,215.71333333333334,202.15333333333334
20,20:00,목동,목동,5,5,0,1,5,0.5,1226.7319999999997,161.285,39.65
20,20:00,미아,미아,2,2,0,1,2,0.5,0,0,0
20,20:00,사당,사당,1,1,0,1,1,0.5,1057.89,0,0
20,20:00,상암,상암,2,2,0,1,2,0.5,1380.01,0,0
20,20:00,성수,성수,1,1,0,1,1,0.5,863.63,0,0
20,20:00,수서,수서,1,1,0,1,1,0.5,1393.22,0,0
20,20:00,여의도,여의도,2,2,0,1,2,0.5,1002.5,40,0
20,20:00,용산,용산,1,0,1,0,0,0,0,0,0
20,20:00,잠실,잠실,5,5,0,1,3,0.8333333333333334,964.71,169.285,72.53
20,20:00,천호,천호,4,4,0,1,4,0.5,1392.8700000000001,185.71333333333334,0
21,21:00,가산,가산,1,1,0,1,1,0.5,964.32,0,0
21,21:00,광화문,광화문,1,1,0,1,1,0.5,1187.65,0,0
21,21:00,마곡,마곡,1,1,0,1,1,0.5,1145.7,0,0
21,21:00,망우,망우,1,1,0,1,1,0.5,1015.62,0,0
21,21:00,목동,목동,1,0,1,0,0,0,0,0,0
21,21:00,미아,미아,1,1,0,1,1,0.5,1090.19,0,0
21,21:00,봉천,봉천,3,1,2,0.3333,1,0.5,940.24,0,0
21,21:00,사당,사당,1,1,0,1,1,0.5,1230.43,0,0
21,21:00,상암,상암,1,1,0,1,1,0.5,0,0,0
21,21:00,수서,수서,2,2,0,1,2,0.5,1158.84,70,220.79
21,21:00,여의도,여의도,1,1,0,1,1,0.5,988.53,0,16.02
21,21:00,용산,용산,1,0,1,0,0,0,0,0,0
21,21:00,잠실,잠실,4,4,0,1,3,0.6666666666666666,1277.1466666666668,139.285,121.86
21,21:00,천호,천호,2,2,0,1,2,0.5,1554.53,10,0
