scenario_id,scenario_date,fpl_id,aircraft_id,aircraft_type,capacity,passenger_count,load_factor,origin_vertiport_id,origin_vertiport,destination_vertiport_id,destination_vertiport,demand_hour,departure_gate_id,departure_fato_id,arrival_gate_id,arrival_fato_id,gate_out_time,takeoff_time,landing_time,gate_in_time,ready_time,gate_to_takeoff_sec,air_time_sec,landing_to_gate_sec,gate_to_gate_sec,departure_wait_sec,arrival_wait_sec,status,route_path,route_distance_km,segment_count,segment_001,segment_002,segment_003,segment_004,segment_005,segment_006,segment_007,segment_008,segment_009,segment_010,segment_011,segment_012,segment_013,segment_014,segment_015,segment_016,segment_017,segment_018,segment_019,segment_020,segment_021
bfaef6930eb2,2026-07-11,FPL1714001,UAM0042,a2,2,2,1,수서,수서,가산,가산,7,G8,F1,G1,F1,07:00:00,07:06:06,07:13:42,07:19:40,07:29:40,366.86,455.55,358.28,1180.69,0,0,ready,수서 > 경부고속도로 양재천 다리 > 채석장 > 180고지 > 가산,20.5002,12,"{""phase"":""A"",""startLLA"":{""lat"":37.487441,""lon"":127.100603,""alt"":0},""endLLA"":{""lat"":37.487441,""lon"":127.100603,""alt"":0},""targetSpeed"":3,""seq"":1}","{""phase"":""B"",""startLLA"":{""lat"":37.487441,""lon"":127.100603,""alt"":0},""endLLA"":{""lat"":37.487441,""lon"":127.100603,""alt"":15},""targetSpeed"":10,""seq"":2}","{""phase"":""C"",""startLLA"":{""lat"":37.487441,""lon"":127.100603,""alt"":15},""endLLA"":{""lat"":37.484413,""lon"":127.0875,""alt"":100},""targetSpeed"":36,""seq"":3}","{""phase"":""E"",""startLLA"":{""lat"":37.484413,""lon"":127.0875,""alt"":100},""endLLA"":{""lat"":37.475547,""lon"":127.049139,""alt"":305},""targetSpeed"":51.4,""seq"":4}","{""phase"":""F"",""startLLA"":{""lat"":37.475547,""lon"":127.049139,""alt"":305},""endLLA"":{""lat"":37.471593,""lon"":127.032031,""alt"":305},""targetSpeed"":51.4,""seq"":5}","{""phase"":""F"",""startLLA"":{""lat"":37.471593,""lon"":127.032031,""alt"":305},""endLLA"":{""lat"":37.471285,""lon"":126.985745,""alt"":305},""targetSpeed"":51.4,""seq"":6}","{""phase"":""F"",""startLLA"":{""lat"":37.471285,""lon"":126.985745,""alt"":305},""endLLA"":{""lat"":37.492877,""lon"":126.93949,""alt"":305},""targetSpeed"":51.4,""seq"":7}","{""phase"":""F"",""startLLA"":{""lat"":37.492877,""lon"":126.93949,""alt"":305},""endLLA"":{""lat"":37.492284,""lon"":126.929987,""alt"":305},""targetSpeed"":51.4,""seq"":8}","{""phase"":""G"",""startLLA"":{""lat"":37.492284,""lon"":126.929987,""alt"":305},""endLLA"":{""lat"":37.489799,""lon"":126.890149,""alt"":100},""targetSpeed"":36,""seq"":9}","{""phase"":""I"",""startLLA"":{""lat"":37.489799,""lon"":126.890149,""alt"":100},""endLLA"":{""lat"":37.489091,""lon"":126.878809,""alt"":15},""targetSpeed"":30,""seq"":10}","{""phase"":""J"",""startLLA"":{""lat"":37.489091,""lon"":126.878809,""alt"":15},""endLLA"":{""lat"":37.489091,""lon"":126.878809,""alt"":0},""targetSpeed"":10,""seq"":11}","{""phase"":""K"",""startLLA"":{""lat"":37.489091,""lon"":126.878809,""alt"":0},""endLLA"":{""lat"":37.489091,""lon"":126.878809,""alt"":0},""targetSpeed"":3,""seq"":12}",,,,,,,,,
bfaef6930eb2,2026-07-11,FPL1712001,UAM0065,a2,2,1,0.5,수서,수서,광화문,광화문,7,G1,F2,G3,F1,07:00:00,07:06:46,07:22:11,07:29:09,07:39:09,406.86,924.29,418.28,1749.43,40,452.66,ready,수서 > 잠실대교 중간지점 > 청담대교 중간지점 > 성수대교 남단 > 왕십리역 > 청량리 > 신설동역 > 광화문,21.5406,15,"{""phase"":""A"",""startLLA"":{""lat"":37.487441,""lon"":127.100603,""alt"":0},""endLLA"":{""lat"":37.487441,""lon"":127.100603,""alt"":0},""targetSpeed"":3,""seq"":1}","{""phase"":""B"",""startLLA"":{""lat"":37.487441,""lon"":127.100603,""alt"":0},""endLLA"":{""lat"":37.487441,""lon"":127.100603,""alt"":15},""targetSpeed"":10,""seq"":2}","{""phase"":""C"",""startLLA"":{""lat"":37.487441,""lon"":127.100603,""alt"":15},""endLLA"":{""lat"":37.498186,""lon"":127.097989,""alt"":100},""targetSpeed"":36,""seq"":3}","{""phase"":""E"",""startLLA"":{""lat"":37.498186,""lon"":127.097989,""alt"":100},""endLLA"":{""lat"":37.524288,""lon"":127.091639,""alt"":270.1},""targetSpeed"":51.4,""seq"":4}","{""phase"":""E"",""startLLA"":{""lat"":37.524288,""lon"":127.091639,""alt"":270.1},""endLLA"":{""lat"":37.524831,""lon"":127.084797,""alt"":305},""targetSpeed"":51.4,""seq"":5}","{""phase"":""F"",""startLLA"":{""lat"":37.524831,""lon"":127.084797,""alt"":305},""endLLA"":{""lat"":37.526451,""lon"":127.064361,""alt"":305},""targetSpeed"":51.4,""seq"":6}","{""phase"":""F"",""startLLA"":{""lat"":37.526451,""lon"":127.064361,""alt"":305},""endLLA"":{""lat"":37.53537,""lon"":127.034503,""alt"":305},""targetSpeed"":51.4,""seq"":7}","{""phase"":""F"",""startLLA"":{""lat"":37.53537,""lon"":127.034503,""alt"":305},""endLLA"":{""lat"":37.561925,""lon"":127.038491,""alt"":305},""targetSpeed"":51.4,""seq"":8}","{""phase"":""F"",""startLLA"":{""lat"":37.561925,""lon"":127.038491,""alt"":305},""endLLA"":{""lat"":37.581542,""lon"":127.048947,""alt"":305},""targetSpeed"":51.4,""seq"":9}","{""phase"":""F"",""startLLA"":{""lat"":37.581542,""lon"":127.048947,""alt"":305},""endLLA"":{""lat"":37.575947,""lon"":127.024779,""alt"":305},""targetSpeed"":51.4,""seq"":10}","{""phase"":""G"",""startLLA"":{""lat"":37.575947,""lon"":127.024779,""alt"":305},""endLLA"":{""lat"":37.575658,""lon"":127.02353,""alt"":298.4},""targetSpeed"":36,""seq"":11}","{""phase"":""G"",""startLLA"":{""lat"":37.575658,""lon"":127.02353,""alt"":298.4},""endLLA"":{""lat"":37.570521,""lon"":126.984951,""alt"":100},""targetSpeed"":36,""seq"":12}","{""phase"":""I"",""startLLA"":{""lat"":37.570521,""lon"":126.984951,""alt"":100},""endLLA"":{""lat"":37.56901,""lon"":126.973604,""alt"":15},""targetSpeed"":30,""seq"":13}","{""phase"":""J"",""startLLA"":{""lat"":37.56901,""lon"":126.973604,""alt"":15},""endLLA"":{""lat"":37.56901,""lon"":126.973604,""alt"":0},""targetSpeed"":10,""seq"":14}","{""phase"":""K"",""startLLA"":{""lat"":37.56901,""lon"":126.973604,""alt"":0},""endLLA"":{""lat"":37.56901,""lon"":126.973604,""alt"":0},""targetSpeed"":3,""seq"":15}",,,,,,
bfaef6930eb2,2026-07-11,FPL1705001,UAM0066,a2,2,1,0.5,수서,수서,목동,목동,7,G2,F1,G4,F2,07:00:00,07:11:35,07:24:07,07:31:36,07:41:36,695.43,752.46,448.28,1896.17,298.57,268.88,ready,수서 > 경부고속도로 양재천 다리 > 채석장 > 180고지 > 영등포 > 목동,21.941,13,"{""phase"":""A"",""startLLA"":{""lat"":37.487441,""lon"":127.100603,""alt"":0},""endLLA"":{""lat"":37.487441,""lon"":127.100603,""alt"":0},""targetSpeed"":3,""seq"":1}","{""phase"":""B"",""startLLA"":{""lat"":37.487441,""lon"":127.100603,""alt"":0},""endLLA"":{""lat"":37.487441,""lon"":127.100603,""alt"":15},""targetSpeed"":10,""seq"":2}","{""phase"":""C"",""startLLA"":{""lat"":37.487441,""lon"":127.100603,""alt"":15},""endLLA"":{""lat"":37.484413,""lon"":127.087502,""alt"":100},""targetSpeed"":36,""seq"":3}","{""phase"":""E"",""startLLA"":{""lat"":37.484413,""lon"":127.087502,""alt"":100},""endLLA"":{""lat"":37.475548,""lon"":127.049146,""alt"":305},""targetSpeed"":51.4,""seq"":4}","{""phase"":""F"",""startLLA"":{""lat"":37.475548,""lon"":127.049146,""alt"":305},""endLLA"":{""lat"":37.471593,""lon"":127.032031,""alt"":305},""targetSpeed"":51.4,""seq"":5}","{""phase"":""F"",""startLLA"":{""lat"":37.471593,""lon"":127.032031,""alt"":305},""endLLA"":{""lat"":37.471285,""lon"":126.985745,""alt"":305},""targetSpeed"":51.4,""seq"":6}","{""phase"":""F"",""startLLA"":{""lat"":37.471285,""lon"":126.985745,""alt"":305},""endLLA"":{""lat"":37.492877,""lon"":126.93949,""alt"":305},""targetSpeed"":51.4,""seq"":7}","{""phase"":""F"",""startLLA"":{""lat"":37.492877,""lon"":126.93949,""alt"":305},""endLLA"":{""lat"":37.506729,""lon"":126.92045,""alt"":305},""targetSpeed"":51.4,""seq"":8}","{""phase"":""G"",""startLLA"":{""lat"":37.506729,""lon"":126.92045,""alt"":305},""endLLA"":{""lat"":37.515965,""lon"":126.907756,""alt"":216.64},""targetSpeed"":36,""seq"":9}","{""phase"":""G"",""startLLA"":{""lat"":37.515965,""lon"":126.907756,""alt"":216.64},""endLLA"":{""lat"":37.522882,""lon"":126.886751,""alt"":100},""targetSpeed"":36,""seq"":10}","{""phase"":""I"",""startLLA"":{""lat"":37.522882,""lon"":126.886751,""alt"":100},""endLLA"":{""lat"":37.526343,""lon"":126.876243,""alt"":15},""targetSpeed"":30,""seq"":11}","{""phase"":""J"",""startLLA"":{""lat"":37.526343,""lon"":126.876243,""alt"":15},""endLLA"":{""lat"":37.526343,""lon"":126.876243,""alt"":0},""targetSpeed"":10,""seq"":12}","{""phase"":""K"",""startLLA"":{""lat"":37.526343,""lon"":126.876243,""alt"":0},""endLLA"":{""lat"":37.526343,""lon"":126.876243,""alt"":0},""targetSpeed"":3,""seq"":13}",,,,,,,,
bfaef6930eb2,2026-07-11,FPL1703001,UAM0067,a2,2,1,0.5,수서,수서,상암,상암,7,G3,F2,G3,F2,07:00:00,07:12:15,15:08:25,15:15:31,15:25:31,735.43,28570,426.57,29732,308.57,477.14,ready,수서 > 경부고속도로 양재천 다리 > 채석장 > 180고지 > 영등포 > 선유도 17고지 > 상암,24.374,14,"{""phase"":""A"",""startLLA"":{""lat"":37.487441,""lon"":127.100603,""alt"":0},""endLLA"":{""lat"":37.487441,""lon"":127.100603,""alt"":0},""targetSpeed"":3,""seq"":1}","{""phase"":""B"",""startLLA"":{""lat"":37.487441,""lon"":127.100603,""alt"":0},""endLLA"":{""lat"":37.487441,""lon"":127.100603,""alt"":15},""targetSpeed"":10,""seq"":2}","{""phase"":""C"",""startLLA"":{""lat"":37.487441,""lon"":127.100603,""alt"":15},""endLLA"":{""lat"":37.484413,""lon"":127.087503,""alt"":100},""targetSpeed"":36,""seq"":3}","{""phase"":""E"",""startLLA"":{""lat"":37.484413,""lon"":127.087503,""alt"":100},""endLLA"":{""lat"":37.47555,""lon"":127.04915,""alt"":305},""targetSpeed"":51.4,""seq"":4}","{""phase"":""F"",""startLLA"":{""lat"":37.47555,""lon"":127.04915,""alt"":305},""endLLA"":{""lat"":37.471593,""lon"":127.032031,""alt"":305},""targetSpeed"":51.4,""seq"":5}","{""phase"":""F"",""startLLA"":{""lat"":37.471593,""lon"":127.032031,""alt"":305},""endLLA"":{""lat"":37.471285,""lon"":126.985745,""alt"":305},""targetSpeed"":51.4,""seq"":6}","{""phase"":""F"",""startLLA"":{""lat"":37.471285,""lon"":126.985745,""alt"":305},""endLLA"":{""lat"":37.492877,""lon"":126.93949,""alt"":305},""targetSpeed"":51.4,""seq"":7}","{""phase"":""F"",""startLLA"":{""lat"":37.492877,""lon"":126.93949,""alt"":305},""endLLA"":{""lat"":37.515965,""lon"":126.907756,""alt"":305},""targetSpeed"":51.4,""seq"":8}","{""phase"":""F"",""startLLA"":{""lat"":37.515965,""lon"":126.907756,""alt"":305},""endLLA"":{""lat"":37.524052,""lon"":126.906139,""alt"":305},""targetSpeed"":51.4,""seq"":9}","{""phase"":""G"",""startLLA"":{""lat"":37.524052,""lon"":126.906139,""alt"":305},""endLLA"":{""lat"":37.542307,""lon"":126.90249,""alt"":185.47},""targetSpeed"":36,""seq"":10}","{""phase"":""G"",""startLLA"":{""lat"":37.542307,""lon"":126.90249,""alt"":185.47},""endLLA"":{""lat"":37.554178,""lon"":126.89516,""alt"":100},""targetSpeed"":36,""seq"":11}","{""phase"":""I"",""startLLA"":{""lat"":37.554178,""lon"":126.89516,""alt"":100},""endLLA"":{""lat"":37.562282,""lon"":126.890156,""alt"":15},""targetSpeed"":30,""seq"":12}","{""phase"":""J"",""startLLA"":{""lat"":37.562282,""lon"":126.890156,""alt"":15},""endLLA"":{""lat"":37.562282,""lon"":126.890156,""alt"":0},""targetSpeed"":10,""seq"":13}","{""phase"":""K"",""startLLA"":{""lat"":37.562282,""lon"":126.890156,""alt"":0},""endLLA"":{""lat"":37.562282,""lon"":126.890156,""alt"":0},""targetSpeed"":3,""seq"":14}",,,,,,,
bfaef6930eb2,2026-07-11,FPL1715001,UAM0002,a2,2,1,0.5,수서,수서,마곡,마곡,8,G1,F1,G3,F2,08:00:00,08:06:06,08:17:34,08:24:32,08:34:32,366.86,687.45,418.28,1472.59,0,0,ready,수서 > 경부고속도로 양재천 다리 > 채석장 > 180고지 > 영등포 > 목동교 > 염창교 > 가양대교 남단 > 마곡,32.4201,16,"{""phase"":""A"",""startLLA"":{""lat"":37.487441,""lon"":127.100603,""alt"":0},""endLLA"":{""lat"":37.487441,""lon"":127.100603,""alt"":0},""targetSpeed"":3,""seq"":1}","{""phase"":""B"",""startLLA"":{""lat"":37.487441,""lon"":127.100603,""alt"":0},""endLLA"":{""lat"":37.487441,""lon"":127.100603,""alt"":15},""targetSpeed"":10,""seq"":2}","{""phase"":""C"",""startLLA"":{""lat"":37.487441,""lon"":127.100603,""alt"":15},""endLLA"":{""lat"":37.484414,""lon"":127.087505,""alt"":100},""targetSpeed"":36,""seq"":3}","{""phase"":""E"",""startLLA"":{""lat"":37.484414,""lon"":127.087505,""alt"":100},""endLLA"":{""lat"":37.475552,""lon"":127.04916,""alt"":305},""targetSpeed"":51.4,""seq"":4}","{""phase"":""F"",""startLLA"":{""lat"":37.475552,""lon"":127.04916,""alt"":305},""endLLA"":{""lat"":37.471593,""lon"":127.032031,""alt"":305},""targetSpeed"":51.4,""seq"":5}","{""phase"":""F"",""startLLA"":{""lat"":37.471593,""lon"":127.032031,""alt"":305},""endLLA"":{""lat"":37.471285,""lon"":126.985745,""alt"":305},""targetSpeed"":51.4,""seq"":6}","{""phase"":""F"",""startLLA"":{""lat"":37.471285,""lon"":126.985745,""alt"":305},""endLLA"":{""lat"":37.492877,""lon"":126.93949,""alt"":305},""targetSpeed"":51.4,""seq"":7}","{""phase"":""F"",""startLLA"":{""lat"":37.492877,""lon"":126.93949,""alt"":305},""endLLA"":{""lat"":37.515965,""lon"":126.907756,""alt"":305},""targetSpeed"":51.4,""seq"":8}","{""phase"":""F"",""startLLA"":{""lat"":37.515965,""lon"":126.907756,""alt"":305},""endLLA"":{""lat"":37.530667,""lon"":126.888262,""alt"":305},""targetSpeed"":51.4,""seq"":9}","{""phase"":""F"",""startLLA"":{""lat"":37.530667,""lon"":126.888262,""alt"":305},""endLLA"":{""lat"":37.553824,""lon"":126.875819,""alt"":305},""targetSpeed"":51.4,""seq"":10}","{""phase"":""F"",""startLLA"":{""lat"":37.553824,""lon"":126.875819,""alt"":305},""endLLA"":{""lat"":37.569391,""lon"":126.861026,""alt"":305},""targetSpeed"":51.4,""seq"":11}","{""phase"":""F"",""startLLA"":{""lat"":37.569391,""lon"":126.861026,""alt"":305},""endLLA"":{""lat"":37.567856,""lon"":126.842881,""alt"":305},""targetSpeed"":51.4,""seq"":12}","{""phase"":""G"",""startLLA"":{""lat"":37.567856,""lon"":126.842881,""alt"":305},""endLLA"":{""lat"":37.564492,""lon"":126.803122,""alt"":100},""targetSpeed"":36,""seq"":13}","{""phase"":""I"",""startLLA"":{""lat"":37.564492,""lon"":126.803122,""alt"":100},""endLLA"":{""lat"":37.563535,""lon"":126.791805,""alt"":15},""targetSpeed"":30,""seq"":14}","{""phase"":""J"",""startLLA"":{""lat"":37.563535,""lon"":126.791805,""alt"":15},""endLLA"":{""lat"":37.563535,""lon"":126.791805,""alt"":0},""targetSpeed"":10,""seq"":15}","{""phase"":""K"",""startLLA"":{""lat"":37.563535,""lon"":126.791805,""alt"":0},""endLLA"":{""lat"":37.563535,""lon"":126.791805,""alt"":0},""targetSpeed"":3,""seq"":16}",,,,,
bfaef6930eb2,2026-07-11,FPL1705002,UAM0057,a2,2,1,0.5,수서,수서,목동,목동,8,G7,F2,G2,F1,08:00:00,08:06:46,08:18:12,08:24:40,08:34:40,406.86,685.71,388.28,1480.85,10,202.13,ready,수서 > 경부고속도로 양재천 다리 > 채석장 > 180고지 > 영등포 > 목동,21.941,13,"{""phase"":""A"",""startLLA"":{""lat"":37.487441,""lon"":127.100603,""alt"":0},""endLLA"":{""lat"":37.487441,""lon"":127.100603,""alt"":0},""targetSpeed"":3,""seq"":1}","{""phase"":""B"",""startLLA"":{""lat"":37.487441,""lon"":127.100603,""alt"":0},""endLLA"":{""lat"":37.487441,""lon"":127.100603,""alt"":15},""targetSpeed"":10,""seq"":2}","{""phase"":""C"",""startLLA"":{""lat"":37.487441,""lon"":127.100603,""alt"":15},""endLLA"":{""lat"":37.484413,""lon"":127.087502,""alt"":100},""targetSpeed"":36,""seq"":3}","{""phase"":""E"",""startLLA"":{""lat"":37.484413,""lon"":127.087502,""alt"":100},""endLLA"":{""lat"":37.475548,""lon"":127.049146,""alt"":305},""targetSpeed"":51.4,""seq"":4}","{""phase"":""F"",""startLLA"":{""lat"":37.475548,""lon"":127.049146,""alt"":305},""endLLA"":{""lat"":37.471593,""lon"":127.032031,""alt"":305},""targetSpeed"":51.4,""seq"":5}","{""phase"":""F"",""startLLA"":{""lat"":37.471593,""lon"":127.032031,""alt"":305},""endLLA"":{""lat"":37.471285,""lon"":126.985745,""alt"":305},""targetSpeed"":51.4,""seq"":6}","{""phase"":""F"",""startLLA"":{""lat"":37.471285,""lon"":126.985745,""alt"":305},""endLLA"":{""lat"":37.492877,""lon"":126.93949,""alt"":305},""targetSpeed"":51.4,""seq"":7}","{""phase"":""F"",""startLLA"":{""lat"":37.492877,""lon"":126.93949,""alt"":305},""endLLA"":{""lat"":37.506729,""lon"":126.92045,""alt"":305},""targetSpeed"":51.4,""seq"":8}","{""phase"":""G"",""startLLA"":{""lat"":37.506729,""lon"":126.92045,""alt"":305},""endLLA"":{""lat"":37.515965,""lon"":126.907756,""alt"":216.64},""targetSpeed"":36,""seq"":9}","{""phase"":""G"",""startLLA"":{""lat"":37.515965,""lon"":126.907756,""alt"":216.64},""endLLA"":{""lat"":37.522882,""lon"":126.886751,""alt"":100},""targetSpeed"":36,""seq"":10}","{""phase"":""I"",""startLLA"":{""lat"":37.522882,""lon"":126.886751,""alt"":100},""endLLA"":{""lat"":37.526343,""lon"":126.876243,""alt"":15},""targetSpeed"":30,""seq"":11}","{""phase"":""J"",""startLLA"":{""lat"":37.526343,""lon"":126.876243,""alt"":15},""endLLA"":{""lat"":37.526343,""lon"":126.876243,""alt"":0},""targetSpeed"":10,""seq"":12}","{""phase"":""K"",""startLLA"":{""lat"":37.526343,""lon"":126.876243,""alt"":0},""endLLA"":{""lat"":37.526343,""lon"":126.876243,""alt"":0},""targetSpeed"":3,""seq"":13}",,,,,,,,
bfaef6930eb2,2026-07-11,FPL1708001,UAM0068,a2,2,1,0.5,수서,수서,사당,사당,8,G4,F1,G2,F2,08:00:00,08:11:35,08:16:00,08:22:29,08:32:29,695.43,265.44,388.28,1349.15,238.57,0,ready,수서 > 경부고속도로 양재천 다리 > 사당,10.7285,10,"{""phase"":""A"",""startLLA"":{""lat"":37.487441,""lon"":127.100603,""alt"":0},""endLLA"":{""lat"":37.487441,""lon"":127.100603,""alt"":0},""targetSpeed"":3,""seq"":1}","{""phase"":""B"",""startLLA"":{""lat"":37.487441,""lon"":127.100603,""alt"":0},""endLLA"":{""lat"":37.487441,""lon"":127.100603,""alt"":15},""targetSpeed"":10,""seq"":2}","{""phase"":""C"",""startLLA"":{""lat"":37.487441,""lon"":127.100603,""alt"":15},""endLLA"":{""lat"":37.484412,""lon"":127.087499,""alt"":100},""targetSpeed"":36,""seq"":3}","{""phase"":""E"",""startLLA"":{""lat"":37.484412,""lon"":127.087499,""alt"":100},""endLLA"":{""lat"":37.475546,""lon"":127.049134,""alt"":305},""targetSpeed"":51.4,""seq"":4}","{""phase"":""F"",""startLLA"":{""lat"":37.475546,""lon"":127.049134,""alt"":305},""endLLA"":{""lat"":37.471861,""lon"":127.033189,""alt"":305},""targetSpeed"":51.4,""seq"":5}","{""phase"":""G"",""startLLA"":{""lat"":37.471861,""lon"":127.033189,""alt"":305},""endLLA"":{""lat"":37.471593,""lon"":127.032031,""alt"":298.81},""targetSpeed"":36,""seq"":6}","{""phase"":""G"",""startLLA"":{""lat"":37.471593,""lon"":127.032031,""alt"":298.81},""endLLA"":{""lat"":37.47482,""lon"":126.993495,""alt"":100},""targetSpeed"":36,""seq"":7}","{""phase"":""I"",""startLLA"":{""lat"":37.47482,""lon"":126.993495,""alt"":100},""endLLA"":{""lat"":37.475767,""lon"":126.982185,""alt"":15},""targetSpeed"":30,""seq"":8}","{""phase"":""J"",""startLLA"":{""lat"":37.475767,""lon"":126.982185,""alt"":15},""endLLA"":{""lat"":37.475767,""lon"":126.982185,""alt"":0},""targetSpeed"":10,""seq"":9}","{""phase"":""K"",""startLLA"":{""lat"":37.475767,""lon"":126.982185,""alt"":0},""endLLA"":{""lat"":37.475767,""lon"":126.982185,""alt"":0},""targetSpeed"":3,""seq"":10}",,,,,,,,,,,
bfaef6930eb2,2026-07-11,FPL1701001,UAM0021,a2,2,1,0.5,수서,수서,여의도,여의도,8,G1,F1,G6,F1,08:33:14,08:39:20,08:47:00,08:53:58,09:03:58,366.86,459.53,418.28,1244.67,0,0,ready,수서 > 경부고속도로 양재천 다리 > 채석장 > 180고지 > 영등포 > 여의도,20.7047,13,"{""phase"":""A"",""startLLA"":{""lat"":37.487441,""lon"":127.100603,""alt"":0},""endLLA"":{""lat"":37.487441,""lon"":127.100603,""alt"":0},""targetSpeed"":3,""seq"":1}","{""phase"":""B"",""startLLA"":{""lat"":37.487441,""lon"":127.100603,""alt"":0},""endLLA"":{""lat"":37.487441,""lon"":127.100603,""alt"":15},""targetSpeed"":10,""seq"":2}","{""phase"":""C"",""startLLA"":{""lat"":37.487441,""lon"":127.100603,""alt"":15},""endLLA"":{""lat"":37.484413,""lon"":127.087501,""alt"":100},""targetSpeed"":36,""seq"":3}","{""phase"":""E"",""startLLA"":{""lat"":37.484413,""lon"":127.087501,""alt"":100},""endLLA"":{""lat"":37.475548,""lon"":127.049145,""alt"":305},""targetSpeed"":51.4,""seq"":4}","{""phase"":""F"",""startLLA"":{""lat"":37.475548,""lon"":127.049145,""alt"":305},""endLLA"":{""lat"":37.471593,""lon"":127.032031,""alt"":305},""targetSpeed"":51.4,""seq"":5}","{""phase"":""F"",""startLLA"":{""lat"":37.471593,""lon"":127.032031,""alt"":305},""endLLA"":{""lat"":37.471285,""lon"":126.985745,""alt"":305},""targetSpeed"":51.4,""seq"":6}","{""phase"":""F"",""startLLA"":{""lat"":37.471285,""lon"":126.985745,""alt"":305},""endLLA"":{""lat"":37.492877,""lon"":126.93949,""alt"":305},""targetSpeed"":51.4,""seq"":7}","{""phase"":""F"",""startLLA"":{""lat"":37.492877,""lon"":126.93949,""alt"":305},""endLLA"":{""lat"":37.49922,""lon"":126.930772,""alt"":305},""targetSpeed"":51.4,""seq"":8}","{""phase"":""G"",""startLLA"":{""lat"":37.49922,""lon"":126.930772,""alt"":305},""endLLA"":{""lat"":37.515965,""lon"":126.907756,""alt"":144.8},""targetSpeed"":36,""seq"":9}","{""phase"":""G"",""startLLA"":{""lat"":37.515965,""lon"":126.907756,""alt"":144.8},""endLLA"":{""lat"":37.520546,""lon"":126.914309,""alt"":100},""targetSpeed"":36,""seq"":10}","{""phase"":""I"",""startLLA"":{""lat"":37.520546,""lon"":126.914309,""alt"":100},""endLLA"":{""lat"":37.526513,""lon"":126.922845,""alt"":15},""targetSpeed"":30,""seq"":11}","{""phase"":""J"",""startLLA"":{""lat"":37.526513,""lon"":126.922845,""alt"":15},""endLLA"":{""lat"":37.526513,""lon"":126.922845,""alt"":0},""targetSpeed"":10,""seq"":12}","{""phase"":""K"",""startLLA"":{""lat"":37.526513,""lon"":126.922845,""alt"":0},""endLLA"":{""lat"":37.526513,""lon"":126.922845,""alt"":0},""targetSpeed"":3,""seq"":13}",,,,,,,,
bfaef6930eb2,2026-07-11,FPL1705003,UAM0065,a2,2,1,0.5,수서,수서,목동,목동,9,G8,F1,G7,F2,09:00:00,09:06:06,09:22:51,09:29:19,09:39:19,366.86,1004.29,388.28,1759.43,0,520.71,ready,수서 > 경부고속도로 양재천 다리 > 채석장 > 180고지 > 영등포 > 목동,21.941,13,"{""phase"":""A"",""startLLA"":{""lat"":37.487441,""lon"":127.100603,""alt"":0},""endLLA"":{""lat"":37.487441,""lon"":127.100603,""alt"":0},""targetSpeed"":3,""seq"":1}","{""phase"":""B"",""startLLA"":{""lat"":37.487441,""lon"":127.100603,""alt"":0},""endLLA"":{""lat"":37.487441,""lon"":127.100603,""alt"":15},""targetSpeed"":10,""seq"":2}","{""phase"":""C"",""startLLA"":{""lat"":37.487441,""lon"":127.100603,""alt"":15},""endLLA"":{""lat"":37.484413,""lon"":127.087502,""alt"":100},""targetSpeed"":36,""seq"":3}","{""phase"":""E"",""startLLA"":{""lat"":37.484413,""lon"":127.087502,""alt"":100},""endLLA"":{""lat"":37.475548,""lon"":127.049146,""alt"":305},""targetSpeed"":51.4,""seq"":4}","{""phase"":""F"",""startLLA"":{""lat"":37.475548,""lon"":127.049146,""alt"":305},""endLLA"":{""lat"":37.471593,""lon"":127.032031,""alt"":305},""targetSpeed"":51.4,""seq"":5}","{""phase"":""F"",""startLLA"":{""lat"":37.471593,""lon"":127.032031,""alt"":305},""endLLA"":{""lat"":37.471285,""lon"":126.985745,""alt"":305},""targetSpeed"":51.4,""seq"":6}","{""phase"":""F"",""startLLA"":{""lat"":37.471285,""lon"":126.985745,""alt"":305},""endLLA"":{""lat"":37.492877,""lon"":126.93949,""alt"":305},""targetSpeed"":51.4,""seq"":7}","{""phase"":""F"",""startLLA"":{""lat"":37.492877,""lon"":126.93949,""alt"":305},""endLLA"":{""lat"":37.506729,""lon"":126.92045,""alt"":305},""targetSpeed"":51.4,""seq"":8}","{""phase"":""G"",""startLLA"":{""lat"":37.506729,""lon"":126.92045,""alt"":305},""endLLA"":{""lat"":37.515965,""lon"":126.907756,""alt"":216.64},""targetSpeed"":36,""seq"":9}","{""phase"":""G"",""startLLA"":{""lat"":37.515965,""lon"":126.907756,""alt"":216.64},""endLLA"":{""lat"":37.522882,""lon"":126.886751,""alt"":100},""targetSpeed"":36,""seq"":10}","{""phase"":""I"",""startLLA"":{""lat"":37.522882,""lon"":126.886751,""alt"":100},""endLLA"":{""lat"":37.526343,""lon"":126.876243,""alt"":15},""targetSpeed"":30,""seq"":11}","{""phase"":""J"",""startLLA"":{""lat"":37.526343,""lon"":126.876243,""alt"":15},""endLLA"":{""lat"":37.526343,""lon"":126.876243,""alt"":0},""targetSpeed"":10,""seq"":12}","{""phase"":""K"",""startLLA"":{""lat"":37.526343,""lon"":126.876243,""alt"":0},""endLLA"":{""lat"":37.526343,""lon"":126.876243,""alt"":0},""targetSpeed"":3,""seq"":13}",,,,,,,,
bfaef6930eb2,2026-07-11,FPL1713001,UAM0020,a2,2,1,0.5,수서,수서,강남,강남,10,G1,F1,G8,F2,10:00:00,10:06:06,10:10:48,10:16:46,10:26:46,366.86,281.17,358.28,1006.31,0,0,ready,수서 > 잠실대교 중간지점 > 청담대교 중간지점 > 강남,11.5373,11,"{""phase"":""A"",""startLLA"":{""lat"":37.487441,""lon"":127.100603,""alt"":0},""endLLA"":{""lat"":37.487441,""lon"":127.100603,""alt"":0},""targetSpeed"":3,""seq"":1}","{""phase"":""B"",""startLLA"":{""lat"":37.487441,""lon"":127.100603,""alt"":0},""endLLA"":{""lat"":37.487441,""lon"":127.100603,""alt"":15},""targetSpeed"":10,""seq"":2}","{""phase"":""C"",""startLLA"":{""lat"":37.487441,""lon"":127.100603,""alt"":15},""endLLA"":{""lat"":37.498069,""lon"":127.098018,""alt"":100},""targetSpeed"":36,""seq"":3}","{""phase"":""E"",""startLLA"":{""lat"":37.498069,""lon"":127.098018,""alt"":100},""endLLA"":{""lat"":37.524288,""lon"":127.091639,""alt"":272.75},""targetSpeed"":51.4,""seq"":4}","{""phase"":""E"",""startLLA"":{""lat"":37.524288,""lon"":127.091639,""alt"":272.75},""endLLA"":{""lat"":37.524784,""lon"":127.085385,""alt"":305},""targetSpeed"":51.4,""seq"":5}","{""phase"":""F"",""startLLA"":{""lat"":37.524784,""lon"":127.085385,""alt"":305},""endLLA"":{""lat"":37.526451,""lon"":127.064361,""alt"":305},""targetSpeed"":51.4,""seq"":6}","{""phase"":""F"",""startLLA"":{""lat"":37.526451,""lon"":127.064361,""alt"":305},""endLLA"":{""lat"":37.52395,""lon"":127.060957,""alt"":305},""targetSpeed"":51.4,""seq"":7}","{""phase"":""G"",""startLLA"":{""lat"":37.52395,""lon"":127.060957,""alt"":305},""endLLA"":{""lat"":37.50242,""lon"":127.031646,""alt"":100},""targetSpeed"":36,""seq"":8}","{""phase"":""I"",""startLLA"":{""lat"":37.50242,""lon"":127.031646,""alt"":100},""endLLA"":{""lat"":37.496291,""lon"":127.023303,""alt"":15},""targetSpeed"":30,""seq"":9}","{""phase"":""J"",""startLLA"":{""lat"":37.496291,""lon"":127.023303,""alt"":15},""endLLA"":{""lat"":37.496291,""lon"":127.023303,""alt"":0},""targetSpeed"":10,""seq"":10}","{""phase"":""K"",""startLLA"":{""lat"":37.496291,""lon"":127.023303,""alt"":0},""endLLA"":{""lat"":37.496291,""lon"":127.023303,""alt"":0},""targetSpeed"":3,""seq"":11}",,,,,,,,,,
bfaef6930eb2,2026-07-11,FPL1709001,UAM0036,a2,2,1,0.5,수서,수서,성수,성수,10,G8,F2,G1,F1,10:00:00,10:06:46,10:10:38,10:16:36,10:26:36,406.86,231.34,358.28,996.48,40,0,ready,수서 > 잠실대교 중간지점 > 청담대교 중간지점 > 성수,9.0363,10,"{""phase"":""A"",""startLLA"":{""lat"":37.487441,""lon"":127.100603,""alt"":0},""endLLA"":{""lat"":37.487441,""lon"":127.100603,""alt"":0},""targetSpeed"":3,""seq"":1}","{""phase"":""B"",""startLLA"":{""lat"":37.487441,""lon"":127.100603,""alt"":0},""endLLA"":{""lat"":37.487441,""lon"":127.100603,""alt"":15},""targetSpeed"":10,""seq"":2}","{""phase"":""C"",""startLLA"":{""lat"":37.487441,""lon"":127.100603,""alt"":15},""endLLA"":{""lat"":37.497808,""lon"":127.098081,""alt"":100},""targetSpeed"":36,""seq"":3}","{""phase"":""E"",""startLLA"":{""lat"":37.497808,""lon"":127.098081,""alt"":100},""endLLA"":{""lat"":37.524288,""lon"":127.091639,""alt"":278.85},""targetSpeed"":51.024,""seq"":4}","{""phase"":""E"",""startLLA"":{""lat"":37.524288,""lon"":127.091639,""alt"":278.85},""endLLA"":{""lat"":37.52468,""lon"":127.086691,""alt"":305},""targetSpeed"":51.024,""seq"":5}","{""phase"":""G"",""startLLA"":{""lat"":37.52468,""lon"":127.086691,""alt"":305},""endLLA"":{""lat"":37.526451,""lon"":127.064361,""alt"":186.97},""targetSpeed"":36,""seq"":6}","{""phase"":""G"",""startLLA"":{""lat"":37.526451,""lon"":127.064361,""alt"":186.97},""endLLA"":{""lat"":37.533911,""lon"":127.05076,""alt"":100},""targetSpeed"":36,""seq"":7}","{""phase"":""I"",""startLLA"":{""lat"":37.533911,""lon"":127.05076,""alt"":100},""endLLA"":{""lat"":37.538917,""lon"":127.041635,""alt"":15},""targetSpeed"":30,""seq"":8}","{""phase"":""J"",""startLLA"":{""lat"":37.538917,""lon"":127.041635,""alt"":15},""endLLA"":{""lat"":37.538917,""lon"":127.041635,""alt"":0},""targetSpeed"":10,""seq"":9}","{""phase"":""K"",""startLLA"":{""lat"":37.538917,""lon"":127.041635,""alt"":0},""endLLA"":{""lat"":37.538917,""lon"":127.041635,""alt"":0},""targetSpeed"":3,""seq"":10}",,,,,,,,,,,
bfaef6930eb2,2026-07-11,FPL1715002,UAM0027,a2,2,1,0.5,수서,수서,마곡,마곡,11,G7,F1,G1,F1,11:00:00,11:06:36,11:18:04,11:24:02,11:34:02,396.86,687.45,358.28,1442.59,0,0,ready,수서 > 경부고속도로 양재천 다리 > 채석장 > 180고지 > 영등포 > 목동교 > 염창교 > 가양대교 남단 > 마곡,32.4201,16,"{""phase"":""A"",""startLLA"":{""lat"":37.487441,""lon"":127.100603,""alt"":0},""endLLA"":{""lat"":37.487441,""lon"":127.100603,""alt"":0},""targetSpeed"":3,""seq"":1}","{""phase"":""B"",""startLLA"":{""lat"":37.487441,""lon"":127.100603,""alt"":0},""endLLA"":{""lat"":37.487441,""lon"":127.100603,""alt"":15},""targetSpeed"":10,""seq"":2}","{""phase"":""C"",""startLLA"":{""lat"":37.487441,""lon"":127.100603,""alt"":15},""endLLA"":{""lat"":37.484414,""lon"":127.087505,""alt"":100},""targetSpeed"":36,""seq"":3}","{""phase"":""E"",""startLLA"":{""lat"":37.484414,""lon"":127.087505,""alt"":100},""endLLA"":{""lat"":37.475552,""lon"":127.04916,""alt"":305},""targetSpeed"":51.4,""seq"":4}","{""phase"":""F"",""startLLA"":{""lat"":37.475552,""lon"":127.04916,""alt"":305},""endLLA"":{""lat"":37.471593,""lon"":127.032031,""alt"":305},""targetSpeed"":51.4,""seq"":5}","{""phase"":""F"",""startLLA"":{""lat"":37.471593,""lon"":127.032031,""alt"":305},""endLLA"":{""lat"":37.471285,""lon"":126.985745,""alt"":305},""targetSpeed"":51.4,""seq"":6}","{""phase"":""F"",""startLLA"":{""lat"":37.471285,""lon"":126.985745,""alt"":305},""endLLA"":{""lat"":37.492877,""lon"":126.93949,""alt"":305},""targetSpeed"":51.4,""seq"":7}","{""phase"":""F"",""startLLA"":{""lat"":37.492877,""lon"":126.93949,""alt"":305},""endLLA"":{""lat"":37.515965,""lon"":126.907756,""alt"":305},""targetSpeed"":51.4,""seq"":8}","{""phase"":""F"",""startLLA"":{""lat"":37.515965,""lon"":126.907756,""alt"":305},""endLLA"":{""lat"":37.530667,""lon"":126.888262,""alt"":305},""targetSpeed"":51.4,""seq"":9}","{""phase"":""F"",""startLLA"":{""lat"":37.530667,""lon"":126.888262,""alt"":305},""endLLA"":{""lat"":37.553824,""lon"":126.875819,""alt"":305},""targetSpeed"":51.4,""seq"":10}","{""phase"":""F"",""startLLA"":{""lat"":37.553824,""lon"":126.875819,""alt"":305},""endLLA"":{""lat"":37.569391,""lon"":126.861026,""alt"":305},""targetSpeed"":51.4,""seq"":11}","{""phase"":""F"",""startLLA"":{""lat"":37.569391,""lon"":126.861026,""alt"":305},""endLLA"":{""lat"":37.567856,""lon"":126.842881,""alt"":305},""targetSpeed"":51.4,""seq"":12}","{""phase"":""G"",""startLLA"":{""lat"":37.567856,""lon"":126.842881,""alt"":305},""endLLA"":{""lat"":37.564492,""lon"":126.803122,""alt"":100},""targetSpeed"":36,""seq"":13}","{""phase"":""I"",""startLLA"":{""lat"":37.564492,""lon"":126.803122,""alt"":100},""endLLA"":{""lat"":37.563535,""lon"":126.791805,""alt"":15},""targetSpeed"":30,""seq"":14}","{""phase"":""J"",""startLLA"":{""lat"":37.563535,""lon"":126.791805,""alt"":15},""endLLA"":{""lat"":37.563535,""lon"":126.791805,""alt"":0},""targetSpeed"":10,""seq"":15}","{""phase"":""K"",""startLLA"":{""lat"":37.563535,""lon"":126.791805,""alt"":0},""endLLA"":{""lat"":37.563535,""lon"":126.791805,""alt"":0},""targetSpeed"":3,""seq"":16}",,,,,
bfaef6930eb2,2026-07-11,FPL1710001,UAM0030,a2,2,1,0.5,수서,수서,연신내,연신내,11,G2,F2,G1,F1,11:00:00,11:07:16,11:18:24,11:24:23,11:34:23,436.86,668.08,358.28,1463.22,40,0,ready,수서 > 경부고속도로 양재천 다리 > 채석장 > 180고지 > 영등포 > 선유도 17고지 > 성산대교 중간지점 > 수색교 > 연신내,31.4243,16,"{""phase"":""A"",""startLLA"":{""lat"":37.487441,""lon"":127.100603,""alt"":0},""endLLA"":{""lat"":37.487441,""lon"":127.100603,""alt"":0},""targetSpeed"":3,""seq"":1}","{""phase"":""B"",""startLLA"":{""lat"":37.487441,""lon"":127.100603,""alt"":0},""endLLA"":{""lat"":37.487441,""lon"":127.100603,""alt"":15},""targetSpeed"":10,""seq"":2}","{""phase"":""C"",""startLLA"":{""lat"":37.487441,""lon"":127.100603,""alt"":15},""endLLA"":{""lat"":37.484414,""lon"":127.087505,""alt"":100},""targetSpeed"":36,""seq"":3}","{""phase"":""E"",""startLLA"":{""lat"":37.484414,""lon"":127.087505,""alt"":100},""endLLA"":{""lat"":37.475552,""lon"":127.049159,""alt"":305},""targetSpeed"":51.4,""seq"":4}","{""phase"":""F"",""startLLA"":{""lat"":37.475552,""lon"":127.049159,""alt"":305},""endLLA"":{""lat"":37.471593,""lon"":127.032031,""alt"":305},""targetSpeed"":51.4,""seq"":5}","{""phase"":""F"",""startLLA"":{""lat"":37.471593,""lon"":127.032031,""alt"":305},""endLLA"":{""lat"":37.471285,""lon"":126.985745,""alt"":305},""targetSpeed"":51.4,""seq"":6}","{""phase"":""F"",""startLLA"":{""lat"":37.471285,""lon"":126.985745,""alt"":305},""endLLA"":{""lat"":37.492877,""lon"":126.93949,""alt"":305},""targetSpeed"":51.4,""seq"":7}","{""phase"":""F"",""startLLA"":{""lat"":37.492877,""lon"":126.93949,""alt"":305},""endLLA"":{""lat"":37.515965,""lon"":126.907756,""alt"":305},""targetSpeed"":51.4,""seq"":8}","{""phase"":""F"",""startLLA"":{""lat"":37.515965,""lon"":126.907756,""alt"":305},""endLLA"":{""lat"":37.542307,""lon"":126.90249,""alt"":305},""targetSpeed"":51.4,""seq"":9}","{""phase"":""F"",""startLLA"":{""lat"":37.542307,""lon"":126.90249,""alt"":305},""endLLA"":{""lat"":37.552574,""lon"":126.891431,""alt"":305},""targetSpeed"":51.4,""seq"":10}","{""phase"":""F"",""startLLA"":{""lat"":37.552574,""lon"":126.891431,""alt"":305},""endLLA"":{""lat"":37.583689,""lon"":126.886699,""alt"":305},""targetSpeed"":51.4,""seq"":11}","{""phase"":""G"",""startLLA"":{""lat"":37.583689,""lon"":126.886699,""alt"":305},""endLLA"":{""lat"":37.586283,""lon"":126.886304,""alt"":288.1},""targetSpeed"":36,""seq"":12}","{""phase"":""G"",""startLLA"":{""lat"":37.586283,""lon"":126.886304,""alt"":288.1},""endLLA"":{""lat"":37.605258,""lon"":126.914118,""alt"":100},""targetSpeed"":36,""seq"":13}","{""phase"":""I"",""startLLA"":{""lat"":37.605258,""lon"":126.914118,""alt"":100},""endLLA"":{""lat"":37.611145,""lon"":126.922747,""alt"":15},""targetSpeed"":30,""seq"":14}","{""phase"":""J"",""startLLA"":{""lat"":37.611145,""lon"":126.922747,""alt"":15},""endLLA"":{""lat"":37.611145,""lon"":126.922747,""alt"":0},""targetSpeed"":10,""seq"":15}","{""phase"":""K"",""startLLA"":{""lat"":37.611145,""lon"":126.922747,""alt"":0},""endLLA"":{""lat"":37.611145,""lon"":126.922747,""alt"":0},""targetSpeed"":3,""seq"":16}",,,,,
bfaef6930eb2,2026-07-11,FPL1714002,UAM0017,a2,2,1,0.5,수서,수서,가산,가산,12,G3,F1,G2,F1,12:00:00,12:07:06,12:14:42,12:21:10,12:31:10,426.86,455.55,388.28,1270.69,0,0,ready,수서 > 경부고속도로 양재천 다리 > 채석장 > 180고지 > 가산,20.5002,12,"{""phase"":""A"",""startLLA"":{""lat"":37.487441,""lon"":127.100603,""alt"":0},""endLLA"":{""lat"":37.487441,""lon"":127.100603,""alt"":0},""targetSpeed"":3,""seq"":1}","{""phase"":""B"",""startLLA"":{""lat"":37.487441,""lon"":127.100603,""alt"":0},""endLLA"":{""lat"":37.487441,""lon"":127.100603,""alt"":15},""targetSpeed"":10,""seq"":2}","{""phase"":""C"",""startLLA"":{""lat"":37.487441,""lon"":127.100603,""alt"":15},""endLLA"":{""lat"":37.484413,""lon"":127.0875,""alt"":100},""targetSpeed"":36,""seq"":3}","{""phase"":""E"",""startLLA"":{""lat"":37.484413,""lon"":127.0875,""alt"":100},""endLLA"":{""lat"":37.475547,""lon"":127.049139,""alt"":305},""targetSpeed"":51.4,""seq"":4}","{""phase"":""F"",""startLLA"":{""lat"":37.475547,""lon"":127.049139,""alt"":305},""endLLA"":{""lat"":37.471593,""lon"":127.032031,""alt"":305},""targetSpeed"":51.4,""seq"":5}","{""phase"":""F"",""startLLA"":{""lat"":37.471593,""lon"":127.032031,""alt"":305},""endLLA"":{""lat"":37.471285,""lon"":126.985745,""alt"":305},""targetSpeed"":51.4,""seq"":6}","{""phase"":""F"",""startLLA"":{""lat"":37.471285,""lon"":126.985745,""alt"":305},""endLLA"":{""lat"":37.492877,""lon"":126.93949,""alt"":305},""targetSpeed"":51.4,""seq"":7}","{""phase"":""F"",""startLLA"":{""lat"":37.492877,""lon"":126.93949,""alt"":305},""endLLA"":{""lat"":37.492284,""lon"":126.929987,""alt"":305},""targetSpeed"":51.4,""seq"":8}","{""phase"":""G"",""startLLA"":{""lat"":37.492284,""lon"":126.929987,""alt"":305},""endLLA"":{""lat"":37.489799,""lon"":126.890149,""alt"":100},""targetSpeed"":36,""seq"":9}","{""phase"":""I"",""startLLA"":{""lat"":37.489799,""lon"":126.890149,""alt"":100},""endLLA"":{""lat"":37.489091,""lon"":126.878809,""alt"":15},""targetSpeed"":30,""seq"":10}","{""phase"":""J"",""startLLA"":{""lat"":37.489091,""lon"":126.878809,""alt"":15},""endLLA"":{""lat"":37.489091,""lon"":126.878809,""alt"":0},""targetSpeed"":10,""seq"":11}","{""phase"":""K"",""startLLA"":{""lat"":37.489091,""lon"":126.878809,""alt"":0},""endLLA"":{""lat"":37.489091,""lon"":126.878809,""alt"":0},""targetSpeed"":3,""seq"":12}",,,,,,,,,
bfaef6930eb2,2026-07-11,FPL1709002,UAM0026,a2,2,1,0.5,수서,수서,성수,성수,12,G6,F2,G8,F2,12:00:00,12:07:46,12:11:38,12:18:14,12:28:14,466.86,231.34,395.92,1094.11,40,37.63,ready,수서 > 잠실대교 중간지점 > 청담대교 중간지점 > 성수,9.0363,10,"{""phase"":""A"",""startLLA"":{""lat"":37.487441,""lon"":127.100603,""alt"":0},""endLLA"":{""lat"":37.487441,""lon"":127.100603,""alt"":0},""targetSpeed"":3,""seq"":1}","{""phase"":""B"",""startLLA"":{""lat"":37.487441,""lon"":127.100603,""alt"":0},""endLLA"":{""lat"":37.487441,""lon"":127.100603,""alt"":15},""targetSpeed"":10,""seq"":2}","{""phase"":""C"",""startLLA"":{""lat"":37.487441,""lon"":127.100603,""alt"":15},""endLLA"":{""lat"":37.497808,""lon"":127.098081,""alt"":100},""targetSpeed"":36,""seq"":3}","{""phase"":""E"",""startLLA"":{""lat"":37.497808,""lon"":127.098081,""alt"":100},""endLLA"":{""lat"":37.524288,""lon"":127.091639,""alt"":278.85},""targetSpeed"":51.024,""seq"":4}","{""phase"":""E"",""startLLA"":{""lat"":37.524288,""lon"":127.091639,""alt"":278.85},""endLLA"":{""lat"":37.52468,""lon"":127.086691,""alt"":305},""targetSpeed"":51.024,""seq"":5}","{""phase"":""G"",""startLLA"":{""lat"":37.52468,""lon"":127.086691,""alt"":305},""endLLA"":{""lat"":37.526451,""lon"":127.064361,""alt"":186.97},""targetSpeed"":36,""seq"":6}","{""phase"":""G"",""startLLA"":{""lat"":37.526451,""lon"":127.064361,""alt"":186.97},""endLLA"":{""lat"":37.533911,""lon"":127.05076,""alt"":100},""targetSpeed"":36,""seq"":7}","{""phase"":""I"",""startLLA"":{""lat"":37.533911,""lon"":127.05076,""alt"":100},""endLLA"":{""lat"":37.538917,""lon"":127.041635,""alt"":15},""targetSpeed"":30,""seq"":8}","{""phase"":""J"",""startLLA"":{""lat"":37.538917,""lon"":127.041635,""alt"":15},""endLLA"":{""lat"":37.538917,""lon"":127.041635,""alt"":0},""targetSpeed"":10,""seq"":9}","{""phase"":""K"",""startLLA"":{""lat"":37.538917,""lon"":127.041635,""alt"":0},""endLLA"":{""lat"":37.538917,""lon"":127.041635,""alt"":0},""targetSpeed"":3,""seq"":10}",,,,,,,,,,,
bfaef6930eb2,2026-07-11,FPL1701002,UAM0029,a2,2,1,0.5,수서,수서,여의도,여의도,12,G2,F1,G2,F1,12:00:30,12:12:35,12:20:14,12:26:43,12:36:43,725.43,459.53,388.28,1573.24,358.57,0,ready,수서 > 경부고속도로 양재천 다리 > 채석장 > 180고지 > 영등포 > 여의도,20.7047,13,"{""phase"":""A"",""startLLA"":{""lat"":37.487441,""lon"":127.100603,""alt"":0},""endLLA"":{""lat"":37.487441,""lon"":127.100603,""alt"":0},""targetSpeed"":3,""seq"":1}","{""phase"":""B"",""startLLA"":{""lat"":37.487441,""lon"":127.100603,""alt"":0},""endLLA"":{""lat"":37.487441,""lon"":127.100603,""alt"":15},""targetSpeed"":10,""seq"":2}","{""phase"":""C"",""startLLA"":{""lat"":37.487441,""lon"":127.100603,""alt"":15},""endLLA"":{""lat"":37.484413,""lon"":127.087501,""alt"":100},""targetSpeed"":36,""seq"":3}","{""phase"":""E"",""startLLA"":{""lat"":37.484413,""lon"":127.087501,""alt"":100},""endLLA"":{""lat"":37.475548,""lon"":127.049145,""alt"":305},""targetSpeed"":51.4,""seq"":4}","{""phase"":""F"",""startLLA"":{""lat"":37.475548,""lon"":127.049145,""alt"":305},""endLLA"":{""lat"":37.471593,""lon"":127.032031,""alt"":305},""targetSpeed"":51.4,""seq"":5}","{""phase"":""F"",""startLLA"":{""lat"":37.471593,""lon"":127.032031,""alt"":305},""endLLA"":{""lat"":37.471285,""lon"":126.985745,""alt"":305},""targetSpeed"":51.4,""seq"":6}","{""phase"":""F"",""startLLA"":{""lat"":37.471285,""lon"":126.985745,""alt"":305},""endLLA"":{""lat"":37.492877,""lon"":126.93949,""alt"":305},""targetSpeed"":51.4,""seq"":7}","{""phase"":""F"",""startLLA"":{""lat"":37.492877,""lon"":126.93949,""alt"":305},""endLLA"":{""lat"":37.49922,""lon"":126.930772,""alt"":305},""targetSpeed"":51.4,""seq"":8}","{""phase"":""G"",""startLLA"":{""lat"":37.49922,""lon"":126.930772,""alt"":305},""endLLA"":{""lat"":37.515965,""lon"":126.907756,""alt"":144.8},""targetSpeed"":36,""seq"":9}","{""phase"":""G"",""startLLA"":{""lat"":37.515965,""lon"":126.907756,""alt"":144.8},""endLLA"":{""lat"":37.520546,""lon"":126.914309,""alt"":100},""targetSpeed"":36,""seq"":10}","{""phase"":""I"",""startLLA"":{""lat"":37.520546,""lon"":126.914309,""alt"":100},""endLLA"":{""lat"":37.526513,""lon"":126.922845,""alt"":15},""targetSpeed"":30,""seq"":11}","{""phase"":""J"",""startLLA"":{""lat"":37.526513,""lon"":126.922845,""alt"":15},""endLLA"":{""lat"":37.526513,""lon"":126.922845,""alt"":0},""targetSpeed"":10,""seq"":12}","{""phase"":""K"",""startLLA"":{""lat"":37.526513,""lon"":126.922845,""alt"":0},""endLLA"":{""lat"":37.526513,""lon"":126.922845,""alt"":0},""targetSpeed"":3,""seq"":13}",,,,,,,,
bfaef6930eb2,2026-07-11,FPL1711001,UAM0041,a2,2,1,0.5,수서,수서,천호,천호,12,G8,F2,G1,F1,12:01:40,12:13:15,12:16:31,12:22:29,12:32:29,695.43,195.63,358.28,1249.34,428.57,0,ready,수서 > 잠실대교 중간지점 > 천호,7.5877,9,"{""phase"":""A"",""startLLA"":{""lat"":37.487441,""lon"":127.100603,""alt"":0},""endLLA"":{""lat"":37.487441,""lon"":127.100603,""alt"":0},""targetSpeed"":3,""seq"":1}","{""phase"":""B"",""startLLA"":{""lat"":37.487441,""lon"":127.100603,""alt"":0},""endLLA"":{""lat"":37.487441,""lon"":127.100603,""alt"":15},""targetSpeed"":10,""seq"":2}","{""phase"":""C"",""startLLA"":{""lat"":37.487441,""lon"":127.100603,""alt"":15},""endLLA"":{""lat"":37.496146,""lon"":127.098485,""alt"":100},""targetSpeed"":36,""seq"":3}","{""phase"":""E"",""startLLA"":{""lat"":37.496146,""lon"":127.098485,""alt"":100},""endLLA"":{""lat"":37.521631,""lon"":127.092285,""alt"":305},""targetSpeed"":48.615,""seq"":4}","{""phase"":""G"",""startLLA"":{""lat"":37.521631,""lon"":127.092285,""alt"":305},""endLLA"":{""lat"":37.524288,""lon"":127.091639,""alt"":283.62},""targetSpeed"":36,""seq"":5}","{""phase"":""G"",""startLLA"":{""lat"":37.524288,""lon"":127.091639,""alt"":283.62},""endLLA"":{""lat"":37.540562,""lon"":127.112576,""alt"":100},""targetSpeed"":36,""seq"":6}","{""phase"":""I"",""startLLA"":{""lat"":37.540562,""lon"":127.112576,""alt"":100},""endLLA"":{""lat"":37.545733,""lon"":127.11923,""alt"":15},""targetSpeed"":30,""seq"":7}","{""phase"":""J"",""startLLA"":{""lat"":37.545733,""lon"":127.11923,""alt"":15},""endLLA"":{""lat"":37.545733,""lon"":127.11923,""alt"":0},""targetSpeed"":10,""seq"":8}","{""phase"":""K"",""startLLA"":{""lat"":37.545733,""lon"":127.11923,""alt"":0},""endLLA"":{""lat"":37.545733,""lon"":127.11923,""alt"":0},""targetSpeed"":3,""seq"":9}",,,,,,,,,,,,
bfaef6930eb2,2026-07-11,FPL1707001,UAM0025,a2,2,1,0.5,수서,수서,봉천,봉천,13,G8,F1,G1,F1,13:00:00,13:06:06,13:11:44,13:17:42,13:27:42,366.86,337.63,358.28,1062.77,0,0,ready,수서 > 경부고속도로 양재천 다리 > 채석장 > 봉천,14.439,11,"{""phase"":""A"",""startLLA"":{""lat"":37.487441,""lon"":127.100603,""alt"":0},""endLLA"":{""lat"":37.487441,""lon"":127.100603,""alt"":0},""targetSpeed"":3,""seq"":1}","{""phase"":""B"",""startLLA"":{""lat"":37.487441,""lon"":127.100603,""alt"":0},""endLLA"":{""lat"":37.487441,""lon"":127.100603,""alt"":15},""targetSpeed"":10,""seq"":2}","{""phase"":""C"",""startLLA"":{""lat"":37.487441,""lon"":127.100603,""alt"":15},""endLLA"":{""lat"":37.484412,""lon"":127.087499,""alt"":100},""targetSpeed"":36,""seq"":3}","{""phase"":""E"",""startLLA"":{""lat"":37.484412,""lon"":127.087499,""alt"":100},""endLLA"":{""lat"":37.475546,""lon"":127.049134,""alt"":305},""targetSpeed"":51.4,""seq"":4}","{""phase"":""F"",""startLLA"":{""lat"":37.475546,""lon"":127.049134,""alt"":305},""endLLA"":{""lat"":37.471593,""lon"":127.032031,""alt"":305},""targetSpeed"":51.4,""seq"":5}","{""phase"":""F"",""startLLA"":{""lat"":37.471593,""lon"":127.032031,""alt"":305},""endLLA"":{""lat"":37.471321,""lon"":126.991206,""alt"":305},""targetSpeed"":51.4,""seq"":6}","{""phase"":""G"",""startLLA"":{""lat"":37.471321,""lon"":126.991206,""alt"":305},""endLLA"":{""lat"":37.471285,""lon"":126.985745,""alt"":276.98},""targetSpeed"":36,""seq"":7}","{""phase"":""G"",""startLLA"":{""lat"":37.471285,""lon"":126.985745,""alt"":276.98},""endLLA"":{""lat"":37.479969,""lon"":126.953031,""alt"":100},""targetSpeed"":36,""seq"":8}","{""phase"":""I"",""startLLA"":{""lat"":37.479969,""lon"":126.953031,""alt"":100},""endLLA"":{""lat"":37.482832,""lon"":126.942245,""alt"":15},""targetSpeed"":30,""seq"":9}","{""phase"":""J"",""startLLA"":{""lat"":37.482832,""lon"":126.942245,""alt"":15},""endLLA"":{""lat"":37.482832,""lon"":126.942245,""alt"":0},""targetSpeed"":10,""seq"":10}","{""phase"":""K"",""startLLA"":{""lat"":37.482832,""lon"":126.942245,""alt"":0},""endLLA"":{""lat"":37.482832,""lon"":126.942245,""alt"":0},""targetSpeed"":3,""seq"":11}",,,,,,,,,,
bfaef6930eb2,2026-07-11,FPL1709003,UAM0030,a2,2,1,0.5,수서,수서,성수,성수,13,G4,F2,G1,F2,13:00:00,13:07:36,13:11:28,13:17:26,13:27:26,456.86,231.34,358.28,1046.48,0,0,ready,수서 > 잠실대교 중간지점 > 청담대교 중간지점 > 성수,9.0363,10,"{""phase"":""A"",""startLLA"":{""lat"":37.487441,""lon"":127.100603,""alt"":0},""endLLA"":{""lat"":37.487441,""lon"":127.100603,""alt"":0},""targetSpeed"":3,""seq"":1}","{""phase"":""B"",""startLLA"":{""lat"":37.487441,""lon"":127.100603,""alt"":0},""endLLA"":{""lat"":37.487441,""lon"":127.100603,""alt"":15},""targetSpeed"":10,""seq"":2}","{""phase"":""C"",""startLLA"":{""lat"":37.487441,""lon"":127.100603,""alt"":15},""endLLA"":{""lat"":37.497808,""lon"":127.098081,""alt"":100},""targetSpeed"":36,""seq"":3}","{""phase"":""E"",""startLLA"":{""lat"":37.497808,""lon"":127.098081,""alt"":100},""endLLA"":{""lat"":37.524288,""lon"":127.091639,""alt"":278.85},""targetSpeed"":51.024,""seq"":4}","{""phase"":""E"",""startLLA"":{""lat"":37.524288,""lon"":127.091639,""alt"":278.85},""endLLA"":{""lat"":37.52468,""lon"":127.086691,""alt"":305},""targetSpeed"":51.024,""seq"":5}","{""phase"":""G"",""startLLA"":{""lat"":37.52468,""lon"":127.086691,""alt"":305},""endLLA"":{""lat"":37.526451,""lon"":127.064361,""alt"":186.97},""targetSpeed"":36,""seq"":6}","{""phase"":""G"",""startLLA"":{""lat"":37.526451,""lon"":127.064361,""alt"":186.97},""endLLA"":{""lat"":37.533911,""lon"":127.05076,""alt"":100},""targetSpeed"":36,""seq"":7}","{""phase"":""I"",""startLLA"":{""lat"":37.533911,""lon"":127.05076,""alt"":100},""endLLA"":{""lat"":37.538917,""lon"":127.041635,""alt"":15},""targetSpeed"":30,""seq"":8}","{""phase"":""J"",""startLLA"":{""lat"":37.538917,""lon"":127.041635,""alt"":15},""endLLA"":{""lat"":37.538917,""lon"":127.041635,""alt"":0},""targetSpeed"":10,""seq"":9}","{""phase"":""K"",""startLLA"":{""lat"":37.538917,""lon"":127.041635,""alt"":0},""endLLA"":{""lat"":37.538917,""lon"":127.041635,""alt"":0},""targetSpeed"":3,""seq"":10}",,,,,,,,,,,
bfaef6930eb2,2026-07-11,FPL1706001,UAM0004,a2,2,1,0.5,수서,수서,미아,미아,14,G6,F1,G1,F1,14:00:00,14:07:06,14:14:46,14:20:44,14:30:44,426.86,459.7,358.28,1244.84,0,0,ready,수서 > 잠실대교 중간지점 > 천호대교 중간지점 > 아차산 고가차도 > 상봉 > 월릉교 > 미아,20.7137,14,"{""phase"":""A"",""startLLA"":{""lat"":37.487441,""lon"":127.100603,""alt"":0},""endLLA"":{""lat"":37.487441,""lon"":127.100603,""alt"":0},""targetSpeed"":3,""seq"":1}","{""phase"":""B"",""startLLA"":{""lat"":37.487441,""lon"":127.100603,""alt"":0},""endLLA"":{""lat"":37.487441,""lon"":127.100603,""alt"":15},""targetSpeed"":10,""seq"":2}","{""phase"":""C"",""startLLA"":{""lat"":37.487441,""lon"":127.100603,""alt"":15},""endLLA"":{""lat"":37.498065,""lon"":127.098018,""alt"":100},""targetSpeed"":36,""seq"":3}","{""phase"":""E"",""startLLA"":{""lat"":37.498065,""lon"":127.098018,""alt"":100},""endLLA"":{""lat"":37.524288,""lon"":127.091639,""alt"":272.84},""targetSpeed"":51.4,""seq"":4}","{""phase"":""E"",""startLLA"":{""lat"":37.524288,""lon"":127.091639,""alt"":272.84},""endLLA"":{""lat"":37.528008,""lon"":127.095794,""alt"":305},""targetSpeed"":51.4,""seq"":5}","{""phase"":""F"",""startLLA"":{""lat"":37.528008,""lon"":127.095794,""alt"":305},""endLLA"":{""lat"":37.5428,""lon"":127.112312,""alt"":305},""targetSpeed"":51.4,""seq"":6}","{""phase"":""F"",""startLLA"":{""lat"":37.5428,""lon"":127.112312,""alt"":305},""endLLA"":{""lat"":37.547423,""lon"":127.097424,""alt"":305},""targetSpeed"":51.4,""seq"":7}","{""phase"":""F"",""startLLA"":{""lat"":37.547423,""lon"":127.097424,""alt"":305},""endLLA"":{""lat"":37.596919,""lon"":127.084854,""alt"":305},""targetSpeed"":51.4,""seq"":8}","{""phase"":""F"",""startLLA"":{""lat"":37.596919,""lon"":127.084854,""alt"":305},""endLLA"":{""lat"":37.614366,""lon"":127.072716,""alt"":305},""targetSpeed"":51.4,""seq"":9}","{""phase"":""G"",""startLLA"":{""lat"":37.614366,""lon"":127.072716,""alt"":305},""endLLA"":{""lat"":37.616266,""lon"":127.071394,""alt"":290.96},""targetSpeed"":36,""seq"":10}","{""phase"":""G"",""startLLA"":{""lat"":37.616266,""lon"":127.071394,""alt"":290.96},""endLLA"":{""lat"":37.626944,""lon"":127.036665,""alt"":100},""targetSpeed"":36,""seq"":11}","{""phase"":""I"",""startLLA"":{""lat"":37.626944,""lon"":127.036665,""alt"":100},""endLLA"":{""lat"":37.630207,""lon"":127.026053,""alt"":15},""targetSpeed"":30,""seq"":12}","{""phase"":""J"",""startLLA"":{""lat"":37.630207,""lon"":127.026053,""alt"":15},""endLLA"":{""lat"":37.630207,""lon"":127.026053,""alt"":0},""targetSpeed"":10,""seq"":13}","{""phase"":""K"",""startLLA"":{""lat"":37.630207,""lon"":127.026053,""alt"":0},""endLLA"":{""lat"":37.630207,""lon"":127.026053,""alt"":0},""targetSpeed"":3,""seq"":14}",,,,,,,
bfaef6930eb2,2026-07-11,FPL1709004,UAM0031,a2,2,1,0.5,수서,수서,성수,성수,14,G8,F2,G7,F2,14:00:00,14:06:06,14:09:58,14:16:26,14:26:26,366.86,231.34,388.28,986.48,0,0,ready,수서 > 잠실대교 중간지점 > 청담대교 중간지점 > 성수,9.0363,10,"{""phase"":""A"",""startLLA"":{""lat"":37.487441,""lon"":127.100603,""alt"":0},""endLLA"":{""lat"":37.487441,""lon"":127.100603,""alt"":0},""targetSpeed"":3,""seq"":1}","{""phase"":""B"",""startLLA"":{""lat"":37.487441,""lon"":127.100603,""alt"":0},""endLLA"":{""lat"":37.487441,""lon"":127.100603,""alt"":15},""targetSpeed"":10,""seq"":2}","{""phase"":""C"",""startLLA"":{""lat"":37.487441,""lon"":127.100603,""alt"":15},""endLLA"":{""lat"":37.497808,""lon"":127.098081,""alt"":100},""targetSpeed"":36,""seq"":3}","{""phase"":""E"",""startLLA"":{""lat"":37.497808,""lon"":127.098081,""alt"":100},""endLLA"":{""lat"":37.524288,""lon"":127.091639,""alt"":278.85},""targetSpeed"":51.024,""seq"":4}","{""phase"":""E"",""startLLA"":{""lat"":37.524288,""lon"":127.091639,""alt"":278.85},""endLLA"":{""lat"":37.52468,""lon"":127.086691,""alt"":305},""targetSpeed"":51.024,""seq"":5}","{""phase"":""G"",""startLLA"":{""lat"":37.52468,""lon"":127.086691,""alt"":305},""endLLA"":{""lat"":37.526451,""lon"":127.064361,""alt"":186.97},""targetSpeed"":36,""seq"":6}","{""phase"":""G"",""startLLA"":{""lat"":37.526451,""lon"":127.064361,""alt"":186.97},""endLLA"":{""lat"":37.533911,""lon"":127.05076,""alt"":100},""targetSpeed"":36,""seq"":7}","{""phase"":""I"",""startLLA"":{""lat"":37.533911,""lon"":127.05076,""alt"":100},""endLLA"":{""lat"":37.538917,""lon"":127.041635,""alt"":15},""targetSpeed"":30,""seq"":8}","{""phase"":""J"",""startLLA"":{""lat"":37.538917,""lon"":127.041635,""alt"":15},""endLLA"":{""lat"":37.538917,""lon"":127.041635,""alt"":0},""targetSpeed"":10,""seq"":9}","{""phase"":""K"",""startLLA"":{""lat"":37.538917,""lon"":127.041635,""alt"":0},""endLLA"":{""lat"":37.538917,""lon"":127.041635,""alt"":0},""targetSpeed"":3,""seq"":10}",,,,,,,,,,,
bfaef6930eb2,2026-07-11,FPL1702001,UAM0042,a2,2,1,0.5,수서,수서,잠실,잠실,14,G2,F2,G1,F1,14:00:30,14:11:35,14:14:22,14:20:20,14:30:20,665.43,167.04,358.28,1190.76,298.57,0,ready,수서 > 잠실대교 중간지점 > 잠실,6.4282,9,"{""phase"":""A"",""startLLA"":{""lat"":37.487441,""lon"":127.100603,""alt"":0},""endLLA"":{""lat"":37.487441,""lon"":127.100603,""alt"":0},""targetSpeed"":3,""seq"":1}","{""phase"":""B"",""startLLA"":{""lat"":37.487441,""lon"":127.100603,""alt"":0},""endLLA"":{""lat"":37.487441,""lon"":127.100603,""alt"":15},""targetSpeed"":10,""seq"":2}","{""phase"":""C"",""startLLA"":{""lat"":37.487441,""lon"":127.100603,""alt"":15},""endLLA"":{""lat"":37.494816,""lon"":127.098809,""alt"":100},""targetSpeed"":36,""seq"":3}","{""phase"":""E"",""startLLA"":{""lat"":37.494816,""lon"":127.098809,""alt"":100},""endLLA"":{""lat"":37.516408,""lon"":127.093556,""alt"":305},""targetSpeed"":46.688,""seq"":4}","{""phase"":""G"",""startLLA"":{""lat"":37.516408,""lon"":127.093556,""alt"":305},""endLLA"":{""lat"":37.524288,""lon"":127.091639,""alt"":230.19},""targetSpeed"":36,""seq"":5}","{""phase"":""G"",""startLLA"":{""lat"":37.524288,""lon"":127.091639,""alt"":230.19},""endLLA"":{""lat"":37.517924,""lon"":127.075967,""alt"":100},""targetSpeed"":36,""seq"":6}","{""phase"":""I"",""startLLA"":{""lat"":37.517924,""lon"":127.075967,""alt"":100},""endLLA"":{""lat"":37.515071,""lon"":127.068942,""alt"":15},""targetSpeed"":30,""seq"":7}","{""phase"":""J"",""startLLA"":{""lat"":37.515071,""lon"":127.068942,""alt"":15},""endLLA"":{""lat"":37.515071,""lon"":127.068942,""alt"":0},""targetSpeed"":10,""seq"":8}","{""phase"":""K"",""startLLA"":{""lat"":37.515071,""lon"":127.068942,""alt"":0},""endLLA"":{""lat"":37.515071,""lon"":127.068942,""alt"":0},""targetSpeed"":3,""seq"":9}",,,,,,,,,,,,
bfaef6930eb2,2026-07-11,FPL1712002,UAM0008,a2,2,1,0.5,수서,수서,광화문,광화문,15,G2,F1,G8,F2,15:00:00,15:06:36,15:14:28,15:20:26,15:30:26,396.86,471.62,358.28,1226.76,0,0,ready,수서 > 잠실대교 중간지점 > 청담대교 중간지점 > 성수대교 남단 > 왕십리역 > 청량리 > 신설동역 > 광화문,21.5406,15,"{""phase"":""A"",""startLLA"":{""lat"":37.487441,""lon"":127.100603,""alt"":0},""endLLA"":{""lat"":37.487441,""lon"":127.100603,""alt"":0},""targetSpeed"":3,""seq"":1}","{""phase"":""B"",""startLLA"":{""lat"":37.487441,""lon"":127.100603,""alt"":0},""endLLA"":{""lat"":37.487441,""lon"":127.100603,""alt"":15},""targetSpeed"":10,""seq"":2}","{""phase"":""C"",""startLLA"":{""lat"":37.487441,""lon"":127.100603,""alt"":15},""endLLA"":{""lat"":37.498186,""lon"":127.097989,""alt"":100},""targetSpeed"":36,""seq"":3}","{""phase"":""E"",""startLLA"":{""lat"":37.498186,""lon"":127.097989,""alt"":100},""endLLA"":{""lat"":37.524288,""lon"":127.091639,""alt"":270.1},""targetSpeed"":51.4,""seq"":4}","{""phase"":""E"",""startLLA"":{""lat"":37.524288,""lon"":127.091639,""alt"":270.1},""endLLA"":{""lat"":37.524831,""lon"":127.084797,""alt"":305},""targetSpeed"":51.4,""seq"":5}","{""phase"":""F"",""startLLA"":{""lat"":37.524831,""lon"":127.084797,""alt"":305},""endLLA"":{""lat"":37.526451,""lon"":127.064361,""alt"":305},""targetSpeed"":51.4,""seq"":6}","{""phase"":""F"",""startLLA"":{""lat"":37.526451,""lon"":127.064361,""alt"":305},""endLLA"":{""lat"":37.53537,""lon"":127.034503,""alt"":305},""targetSpeed"":51.4,""seq"":7}","{""phase"":""F"",""startLLA"":{""lat"":37.53537,""lon"":127.034503,""alt"":305},""endLLA"":{""lat"":37.561925,""lon"":127.038491,""alt"":305},""targetSpeed"":51.4,""seq"":8}","{""phase"":""F"",""startLLA"":{""lat"":37.561925,""lon"":127.038491,""alt"":305},""endLLA"":{""lat"":37.581542,""lon"":127.048947,""alt"":305},""targetSpeed"":51.4,""seq"":9}","{""phase"":""F"",""startLLA"":{""lat"":37.581542,""lon"":127.048947,""alt"":305},""endLLA"":{""lat"":37.575947,""lon"":127.024779,""alt"":305},""targetSpeed"":51.4,""seq"":10}","{""phase"":""G"",""startLLA"":{""lat"":37.575947,""lon"":127.024779,""alt"":305},""endLLA"":{""lat"":37.575658,""lon"":127.02353,""alt"":298.4},""targetSpeed"":36,""seq"":11}","{""phase"":""G"",""startLLA"":{""lat"":37.575658,""lon"":127.02353,""alt"":298.4},""endLLA"":{""lat"":37.570521,""lon"":126.984951,""alt"":100},""targetSpeed"":36,""seq"":12}","{""phase"":""I"",""startLLA"":{""lat"":37.570521,""lon"":126.984951,""alt"":100},""endLLA"":{""lat"":37.56901,""lon"":126.973604,""alt"":15},""targetSpeed"":30,""seq"":13}","{""phase"":""J"",""startLLA"":{""lat"":37.56901,""lon"":126.973604,""alt"":15},""endLLA"":{""lat"":37.56901,""lon"":126.973604,""alt"":0},""targetSpeed"":10,""seq"":14}","{""phase"":""K"",""startLLA"":{""lat"":37.56901,""lon"":126.973604,""alt"":0},""endLLA"":{""lat"":37.56901,""lon"":126.973604,""alt"":0},""targetSpeed"":3,""seq"":15}",,,,,,
bfaef6930eb2,2026-07-11,FPL1716001,UAM0009,a2,2,1,0.5,수서,수서,망우,망우,15,G6,F2,G1,F1,15:00:00,15:07:16,15:12:45,15:18:43,15:28:43,436.86,328.34,358.28,1123.48,10,0,ready,수서 > 잠실대교 중간지점 > 천호대교 중간지점 > 아차산 고가차도 > 망우,13.9617,12,"{""phase"":""A"",""startLLA"":{""lat"":37.487441,""lon"":127.100603,""alt"":0},""endLLA"":{""lat"":37.487441,""lon"":127.100603,""alt"":0},""targetSpeed"":3,""seq"":1}","{""phase"":""B"",""startLLA"":{""lat"":37.487441,""lon"":127.100603,""alt"":0},""endLLA"":{""lat"":37.487441,""lon"":127.100603,""alt"":15},""targetSpeed"":10,""seq"":2}","{""phase"":""C"",""startLLA"":{""lat"":37.487441,""lon"":127.100603,""alt"":15},""endLLA"":{""lat"":37.498067,""lon"":127.098018,""alt"":100},""targetSpeed"":36,""seq"":3}","{""phase"":""E"",""startLLA"":{""lat"":37.498067,""lon"":127.098018,""alt"":100},""endLLA"":{""lat"":37.524288,""lon"":127.091639,""alt"":272.79},""targetSpeed"":51.4,""seq"":4}","{""phase"":""E"",""startLLA"":{""lat"":37.524288,""lon"":127.091639,""alt"":272.79},""endLLA"":{""lat"":37.528015,""lon"":127.095801,""alt"":305},""targetSpeed"":51.4,""seq"":5}","{""phase"":""F"",""startLLA"":{""lat"":37.528015,""lon"":127.095801,""alt"":305},""endLLA"":{""lat"":37.5428,""lon"":127.112312,""alt"":305},""targetSpeed"":51.4,""seq"":6}","{""phase"":""F"",""startLLA"":{""lat"":37.5428,""lon"":127.112312,""alt"":305},""endLLA"":{""lat"":37.547423,""lon"":127.097424,""alt"":305},""targetSpeed"":51.4,""seq"":7}","{""phase"":""F"",""startLLA"":{""lat"":37.547423,""lon"":127.097424,""alt"":305},""endLLA"":{""lat"":37.557017,""lon"":127.094987,""alt"":305},""targetSpeed"":51.4,""seq"":8}","{""phase"":""G"",""startLLA"":{""lat"":37.557017,""lon"":127.094987,""alt"":305},""endLLA"":{""lat"":37.588078,""lon"":127.087099,""alt"":100},""targetSpeed"":36,""seq"":9}","{""phase"":""I"",""startLLA"":{""lat"":37.588078,""lon"":127.087099,""alt"":100},""endLLA"":{""lat"":37.596919,""lon"":127.084854,""alt"":15},""targetSpeed"":30,""seq"":10}","{""phase"":""J"",""startLLA"":{""lat"":37.596919,""lon"":127.084854,""alt"":15},""endLLA"":{""lat"":37.596919,""lon"":127.084854,""alt"":0},""targetSpeed"":10,""seq"":11}","{""phase"":""K"",""startLLA"":{""lat"":37.596919,""lon"":127.084854,""alt"":0},""endLLA"":{""lat"":37.596919,""lon"":127.084854,""alt"":0},""targetSpeed"":3,""seq"":12}",,,,,,,,,
bfaef6930eb2,2026-07-11,FPL1706002,UAM0044,a2,2,1,0.5,수서,수서,미아,미아,15,G3,F1,G6,F1,15:00:00,15:12:05,15:19:45,15:26:43,15:36:43,725.43,459.7,418.28,1603.41,298.57,0,ready,수서 > 잠실대교 중간지점 > 천호대교 중간지점 > 아차산 고가차도 > 상봉 > 월릉교 > 미아,20.7137,14,"{""phase"":""A"",""startLLA"":{""lat"":37.487441,""lon"":127.100603,""alt"":0},""endLLA"":{""lat"":37.487441,""lon"":127.100603,""alt"":0},""targetSpeed"":3,""seq"":1}","{""phase"":""B"",""startLLA"":{""lat"":37.487441,""lon"":127.100603,""alt"":0},""endLLA"":{""lat"":37.487441,""lon"":127.100603,""alt"":15},""targetSpeed"":10,""seq"":2}","{""phase"":""C"",""startLLA"":{""lat"":37.487441,""lon"":127.100603,""alt"":15},""endLLA"":{""lat"":37.498065,""lon"":127.098018,""alt"":100},""targetSpeed"":36,""seq"":3}","{""phase"":""E"",""startLLA"":{""lat"":37.498065,""lon"":127.098018,""alt"":100},""endLLA"":{""lat"":37.524288,""lon"":127.091639,""alt"":272.84},""targetSpeed"":51.4,""seq"":4}","{""phase"":""E"",""startLLA"":{""lat"":37.524288,""lon"":127.091639,""alt"":272.84},""endLLA"":{""lat"":37.528008,""lon"":127.095794,""alt"":305},""targetSpeed"":51.4,""seq"":5}","{""phase"":""F"",""startLLA"":{""lat"":37.528008,""lon"":127.095794,""alt"":305},""endLLA"":{""lat"":37.5428,""lon"":127.112312,""alt"":305},""targetSpeed"":51.4,""seq"":6}","{""phase"":""F"",""startLLA"":{""lat"":37.5428,""lon"":127.112312,""alt"":305},""endLLA"":{""lat"":37.547423,""lon"":127.097424,""alt"":305},""targetSpeed"":51.4,""seq"":7}","{""phase"":""F"",""startLLA"":{""lat"":37.547423,""lon"":127.097424,""alt"":305},""endLLA"":{""lat"":37.596919,""lon"":127.084854,""alt"":305},""targetSpeed"":51.4,""seq"":8}","{""phase"":""F"",""startLLA"":{""lat"":37.596919,""lon"":127.084854,""alt"":305},""endLLA"":{""lat"":37.614366,""lon"":127.072716,""alt"":305},""targetSpeed"":51.4,""seq"":9}","{""phase"":""G"",""startLLA"":{""lat"":37.614366,""lon"":127.072716,""alt"":305},""endLLA"":{""lat"":37.616266,""lon"":127.071394,""alt"":290.96},""targetSpeed"":36,""seq"":10}","{""phase"":""G"",""startLLA"":{""lat"":37.616266,""lon"":127.071394,""alt"":290.96},""endLLA"":{""lat"":37.626944,""lon"":127.036665,""alt"":100},""targetSpeed"":36,""seq"":11}","{""phase"":""I"",""startLLA"":{""lat"":37.626944,""lon"":127.036665,""alt"":100},""endLLA"":{""lat"":37.630207,""lon"":127.026053,""alt"":15},""targetSpeed"":30,""seq"":12}","{""phase"":""J"",""startLLA"":{""lat"":37.630207,""lon"":127.026053,""alt"":15},""endLLA"":{""lat"":37.630207,""lon"":127.026053,""alt"":0},""targetSpeed"":10,""seq"":13}","{""phase"":""K"",""startLLA"":{""lat"":37.630207,""lon"":127.026053,""alt"":0},""endLLA"":{""lat"":37.630207,""lon"":127.026053,""alt"":0},""targetSpeed"":3,""seq"":14}",,,,,,,
bfaef6930eb2,2026-07-11,FPL1711002,UAM0046,a2,2,1,0.5,수서,수서,천호,천호,15,G8,F2,G2,F1,15:00:30,15:12:45,15:17:42,15:24:10,15:34:10,735.43,297.14,388.28,1420.85,398.57,101.52,ready,수서 > 잠실대교 중간지점 > 천호,7.5877,9,"{""phase"":""A"",""startLLA"":{""lat"":37.487441,""lon"":127.100603,""alt"":0},""endLLA"":{""lat"":37.487441,""lon"":127.100603,""alt"":0},""targetSpeed"":3,""seq"":1}","{""phase"":""B"",""startLLA"":{""lat"":37.487441,""lon"":127.100603,""alt"":0},""endLLA"":{""lat"":37.487441,""lon"":127.100603,""alt"":15},""targetSpeed"":10,""seq"":2}","{""phase"":""C"",""startLLA"":{""lat"":37.487441,""lon"":127.100603,""alt"":15},""endLLA"":{""lat"":37.496146,""lon"":127.098485,""alt"":100},""targetSpeed"":36,""seq"":3}","{""phase"":""E"",""startLLA"":{""lat"":37.496146,""lon"":127.098485,""alt"":100},""endLLA"":{""lat"":37.521631,""lon"":127.092285,""alt"":305},""targetSpeed"":48.615,""seq"":4}","{""phase"":""G"",""startLLA"":{""lat"":37.521631,""lon"":127.092285,""alt"":305},""endLLA"":{""lat"":37.524288,""lon"":127.091639,""alt"":283.62},""targetSpeed"":36,""seq"":5}","{""phase"":""G"",""startLLA"":{""lat"":37.524288,""lon"":127.091639,""alt"":283.62},""endLLA"":{""lat"":37.540562,""lon"":127.112576,""alt"":100},""targetSpeed"":36,""seq"":6}","{""phase"":""I"",""startLLA"":{""lat"":37.540562,""lon"":127.112576,""alt"":100},""endLLA"":{""lat"":37.545733,""lon"":127.11923,""alt"":15},""targetSpeed"":30,""seq"":7}","{""phase"":""J"",""startLLA"":{""lat"":37.545733,""lon"":127.11923,""alt"":15},""endLLA"":{""lat"":37.545733,""lon"":127.11923,""alt"":0},""targetSpeed"":10,""seq"":8}","{""phase"":""K"",""startLLA"":{""lat"":37.545733,""lon"":127.11923,""alt"":0},""endLLA"":{""lat"":37.545733,""lon"":127.11923,""alt"":0},""targetSpeed"":3,""seq"":9}",,,,,,,,,,,,
bfaef6930eb2,2026-07-11,FPL1715003,UAM0027,a2,2,1,0.5,수서,수서,마곡,마곡,16,G8,F1,G6,F2,16:00:00,16:06:06,17:14:23,17:21:30,17:31:30,366.86,4097.14,426.57,4890.57,0,835.71,ready,수서 > 경부고속도로 양재천 다리 > 채석장 > 180고지 > 영등포 > 목동교 > 염창교 > 가양대교 남단 > 마곡,32.4201,16,"{""phase"":""A"",""startLLA"":{""lat"":37.487441,""lon"":127.100603,""alt"":0},""endLLA"":{""lat"":37.487441,""lon"":127.100603,""alt"":0},""targetSpeed"":3,""seq"":1}","{""phase"":""B"",""startLLA"":{""lat"":37.487441,""lon"":127.100603,""alt"":0},""endLLA"":{""lat"":37.487441,""lon"":127.100603,""alt"":15},""targetSpeed"":10,""seq"":2}","{""phase"":""C"",""startLLA"":{""lat"":37.487441,""lon"":127.100603,""alt"":15},""endLLA"":{""lat"":37.484414,""lon"":127.087505,""alt"":100},""targetSpeed"":36,""seq"":3}","{""phase"":""E"",""startLLA"":{""lat"":37.484414,""lon"":127.087505,""alt"":100},""endLLA"":{""lat"":37.475552,""lon"":127.04916,""alt"":305},""targetSpeed"":51.4,""seq"":4}","{""phase"":""F"",""startLLA"":{""lat"":37.475552,""lon"":127.04916,""alt"":305},""endLLA"":{""lat"":37.471593,""lon"":127.032031,""alt"":305},""targetSpeed"":51.4,""seq"":5}","{""phase"":""F"",""startLLA"":{""lat"":37.471593,""lon"":127.032031,""alt"":305},""endLLA"":{""lat"":37.471285,""lon"":126.985745,""alt"":305},""targetSpeed"":51.4,""seq"":6}","{""phase"":""F"",""startLLA"":{""lat"":37.471285,""lon"":126.985745,""alt"":305},""endLLA"":{""lat"":37.492877,""lon"":126.93949,""alt"":305},""targetSpeed"":51.4,""seq"":7}","{""phase"":""F"",""startLLA"":{""lat"":37.492877,""lon"":126.93949,""alt"":305},""endLLA"":{""lat"":37.515965,""lon"":126.907756,""alt"":305},""targetSpeed"":51.4,""seq"":8}","{""phase"":""F"",""startLLA"":{""lat"":37.515965,""lon"":126.907756,""alt"":305},""endLLA"":{""lat"":37.530667,""lon"":126.888262,""alt"":305},""targetSpeed"":51.4,""seq"":9}","{""phase"":""F"",""startLLA"":{""lat"":37.530667,""lon"":126.888262,""alt"":305},""endLLA"":{""lat"":37.553824,""lon"":126.875819,""alt"":305},""targetSpeed"":51.4,""seq"":10}","{""phase"":""F"",""startLLA"":{""lat"":37.553824,""lon"":126.875819,""alt"":305},""endLLA"":{""lat"":37.569391,""lon"":126.861026,""alt"":305},""targetSpeed"":51.4,""seq"":11}","{""phase"":""F"",""startLLA"":{""lat"":37.569391,""lon"":126.861026,""alt"":305},""endLLA"":{""lat"":37.567856,""lon"":126.842881,""alt"":305},""targetSpeed"":51.4,""seq"":12}","{""phase"":""G"",""startLLA"":{""lat"":37.567856,""lon"":126.842881,""alt"":305},""endLLA"":{""lat"":37.564492,""lon"":126.803122,""alt"":100},""targetSpeed"":36,""seq"":13}","{""phase"":""I"",""startLLA"":{""lat"":37.564492,""lon"":126.803122,""alt"":100},""endLLA"":{""lat"":37.563535,""lon"":126.791805,""alt"":15},""targetSpeed"":30,""seq"":14}","{""phase"":""J"",""startLLA"":{""lat"":37.563535,""lon"":126.791805,""alt"":15},""endLLA"":{""lat"":37.563535,""lon"":126.791805,""alt"":0},""targetSpeed"":10,""seq"":15}","{""phase"":""K"",""startLLA"":{""lat"":37.563535,""lon"":126.791805,""alt"":0},""endLLA"":{""lat"":37.563535,""lon"":126.791805,""alt"":0},""targetSpeed"":3,""seq"":16}",,,,,
bfaef6930eb2,2026-07-11,FPL1701003,UAM0043,a2,2,1,0.5,수서,수서,여의도,여의도,16,G2,F2,G1,F1,16:00:00,16:06:46,16:14:26,16:20:24,16:30:24,406.86,459.53,358.28,1224.67,10,0,ready,수서 > 경부고속도로 양재천 다리 > 채석장 > 180고지 > 영등포 > 여의도,20.7047,13,"{""phase"":""A"",""startLLA"":{""lat"":37.487441,""lon"":127.100603,""alt"":0},""endLLA"":{""lat"":37.487441,""lon"":127.100603,""alt"":0},""targetSpeed"":3,""seq"":1}","{""phase"":""B"",""startLLA"":{""lat"":37.487441,""lon"":127.100603,""alt"":0},""endLLA"":{""lat"":37.487441,""lon"":127.100603,""alt"":15},""targetSpeed"":10,""seq"":2}","{""phase"":""C"",""startLLA"":{""lat"":37.487441,""lon"":127.100603,""alt"":15},""endLLA"":{""lat"":37.484413,""lon"":127.087501,""alt"":100},""targetSpeed"":36,""seq"":3}","{""phase"":""E"",""startLLA"":{""lat"":37.484413,""lon"":127.087501,""alt"":100},""endLLA"":{""lat"":37.475548,""lon"":127.049145,""alt"":305},""targetSpeed"":51.4,""seq"":4}","{""phase"":""F"",""startLLA"":{""lat"":37.475548,""lon"":127.049145,""alt"":305},""endLLA"":{""lat"":37.471593,""lon"":127.032031,""alt"":305},""targetSpeed"":51.4,""seq"":5}","{""phase"":""F"",""startLLA"":{""lat"":37.471593,""lon"":127.032031,""alt"":305},""endLLA"":{""lat"":37.471285,""lon"":126.985745,""alt"":305},""targetSpeed"":51.4,""seq"":6}","{""phase"":""F"",""startLLA"":{""lat"":37.471285,""lon"":126.985745,""alt"":305},""endLLA"":{""lat"":37.492877,""lon"":126.93949,""alt"":305},""targetSpeed"":51.4,""seq"":7}","{""phase"":""F"",""startLLA"":{""lat"":37.492877,""lon"":126.93949,""alt"":305},""endLLA"":{""lat"":37.49922,""lon"":126.930772,""alt"":305},""targetSpeed"":51.4,""seq"":8}","{""phase"":""G"",""startLLA"":{""lat"":37.49922,""lon"":126.930772,""alt"":305},""endLLA"":{""lat"":37.515965,""lon"":126.907756,""alt"":144.8},""targetSpeed"":36,""seq"":9}","{""phase"":""G"",""startLLA"":{""lat"":37.515965,""lon"":126.907756,""alt"":144.8},""endLLA"":{""lat"":37.520546,""lon"":126.914309,""alt"":100},""targetSpeed"":36,""seq"":10}","{""phase"":""I"",""startLLA"":{""lat"":37.520546,""lon"":126.914309,""alt"":100},""endLLA"":{""lat"":37.526513,""lon"":126.922845,""alt"":15},""targetSpeed"":30,""seq"":11}","{""phase"":""J"",""startLLA"":{""lat"":37.526513,""lon"":126.922845,""alt"":15},""endLLA"":{""lat"":37.526513,""lon"":126.922845,""alt"":0},""targetSpeed"":10,""seq"":12}","{""phase"":""K"",""startLLA"":{""lat"":37.526513,""lon"":126.922845,""alt"":0},""endLLA"":{""lat"":37.526513,""lon"":126.922845,""alt"":0},""targetSpeed"":3,""seq"":13}",,,,,,,,
bfaef6930eb2,2026-07-11,FPL1711003,UAM0050,a2,2,1,0.5,수서,수서,천호,천호,16,G4,F1,G2,F1,16:00:00,16:11:35,16:14:51,16:21:19,16:31:19,695.43,195.63,388.28,1279.34,238.57,0,ready,수서 > 잠실대교 중간지점 > 천호,7.5877,9,"{""phase"":""A"",""startLLA"":{""lat"":37.487441,""lon"":127.100603,""alt"":0},""endLLA"":{""lat"":37.487441,""lon"":127.100603,""alt"":0},""targetSpeed"":3,""seq"":1}","{""phase"":""B"",""startLLA"":{""lat"":37.487441,""lon"":127.100603,""alt"":0},""endLLA"":{""lat"":37.487441,""lon"":127.100603,""alt"":15},""targetSpeed"":10,""seq"":2}","{""phase"":""C"",""startLLA"":{""lat"":37.487441,""lon"":127.100603,""alt"":15},""endLLA"":{""lat"":37.496146,""lon"":127.098485,""alt"":100},""targetSpeed"":36,""seq"":3}","{""phase"":""E"",""startLLA"":{""lat"":37.496146,""lon"":127.098485,""alt"":100},""endLLA"":{""lat"":37.521631,""lon"":127.092285,""alt"":305},""targetSpeed"":48.615,""seq"":4}","{""phase"":""G"",""startLLA"":{""lat"":37.521631,""lon"":127.092285,""alt"":305},""endLLA"":{""lat"":37.524288,""lon"":127.091639,""alt"":283.62},""targetSpeed"":36,""seq"":5}","{""phase"":""G"",""startLLA"":{""lat"":37.524288,""lon"":127.091639,""alt"":283.62},""endLLA"":{""lat"":37.540562,""lon"":127.112576,""alt"":100},""targetSpeed"":36,""seq"":6}","{""phase"":""I"",""startLLA"":{""lat"":37.540562,""lon"":127.112576,""alt"":100},""endLLA"":{""lat"":37.545733,""lon"":127.11923,""alt"":15},""targetSpeed"":30,""seq"":7}","{""phase"":""J"",""startLLA"":{""lat"":37.545733,""lon"":127.11923,""alt"":15},""endLLA"":{""lat"":37.545733,""lon"":127.11923,""alt"":0},""targetSpeed"":10,""seq"":8}","{""phase"":""K"",""startLLA"":{""lat"":37.545733,""lon"":127.11923,""alt"":0},""endLLA"":{""lat"":37.545733,""lon"":127.11923,""alt"":0},""targetSpeed"":3,""seq"":9}",,,,,,,,,,,,
bfaef6930eb2,2026-07-11,FPL1702002,UAM0035,a2,2,2,1,수서,수서,잠실,잠실,17,G8,F1,G1,F1,17:00:00,17:06:06,17:08:53,17:14:52,17:24:52,366.86,167.04,358.28,892.18,0,0,ready,수서 > 잠실대교 중간지점 > 잠실,6.4282,9,"{""phase"":""A"",""startLLA"":{""lat"":37.487441,""lon"":127.100603,""alt"":0},""endLLA"":{""lat"":37.487441,""lon"":127.100603,""alt"":0},""targetSpeed"":3,""seq"":1}","{""phase"":""B"",""startLLA"":{""lat"":37.487441,""lon"":127.100603,""alt"":0},""endLLA"":{""lat"":37.487441,""lon"":127.100603,""alt"":15},""targetSpeed"":10,""seq"":2}","{""phase"":""C"",""startLLA"":{""lat"":37.487441,""lon"":127.100603,""alt"":15},""endLLA"":{""lat"":37.494816,""lon"":127.098809,""alt"":100},""targetSpeed"":36,""seq"":3}","{""phase"":""E"",""startLLA"":{""lat"":37.494816,""lon"":127.098809,""alt"":100},""endLLA"":{""lat"":37.516408,""lon"":127.093556,""alt"":305},""targetSpeed"":46.688,""seq"":4}","{""phase"":""G"",""startLLA"":{""lat"":37.516408,""lon"":127.093556,""alt"":305},""endLLA"":{""lat"":37.524288,""lon"":127.091639,""alt"":230.19},""targetSpeed"":36,""seq"":5}","{""phase"":""G"",""startLLA"":{""lat"":37.524288,""lon"":127.091639,""alt"":230.19},""endLLA"":{""lat"":37.517924,""lon"":127.075967,""alt"":100},""targetSpeed"":36,""seq"":6}","{""phase"":""I"",""startLLA"":{""lat"":37.517924,""lon"":127.075967,""alt"":100},""endLLA"":{""lat"":37.515071,""lon"":127.068942,""alt"":15},""targetSpeed"":30,""seq"":7}","{""phase"":""J"",""startLLA"":{""lat"":37.515071,""lon"":127.068942,""alt"":15},""endLLA"":{""lat"":37.515071,""lon"":127.068942,""alt"":0},""targetSpeed"":10,""seq"":8}","{""phase"":""K"",""startLLA"":{""lat"":37.515071,""lon"":127.068942,""alt"":0},""endLLA"":{""lat"":37.515071,""lon"":127.068942,""alt"":0},""targetSpeed"":3,""seq"":9}",,,,,,,,,,,,
bfaef6930eb2,2026-07-11,FPL1712003,UAM0051,a2,2,1,0.5,수서,수서,광화문,광화문,17,G1,F2,G7,F2,17:00:00,17:06:46,17:15:45,17:22:32,17:32:32,406.86,538.44,407.39,1352.68,40,85.92,ready,수서 > 잠실대교 중간지점 > 청담대교 중간지점 > 성수대교 남단 > 왕십리역 > 청량리 > 신설동역 > 광화문,21.5406,15,"{""phase"":""A"",""startLLA"":{""lat"":37.487441,""lon"":127.100603,""alt"":0},""endLLA"":{""lat"":37.487441,""lon"":127.100603,""alt"":0},""targetSpeed"":3,""seq"":1}","{""phase"":""B"",""startLLA"":{""lat"":37.487441,""lon"":127.100603,""alt"":0},""endLLA"":{""lat"":37.487441,""lon"":127.100603,""alt"":15},""targetSpeed"":10,""seq"":2}","{""phase"":""C"",""startLLA"":{""lat"":37.487441,""lon"":127.100603,""alt"":15},""endLLA"":{""lat"":37.498186,""lon"":127.097989,""alt"":100},""targetSpeed"":36,""seq"":3}","{""phase"":""E"",""startLLA"":{""lat"":37.498186,""lon"":127.097989,""alt"":100},""endLLA"":{""lat"":37.524288,""lon"":127.091639,""alt"":270.1},""targetSpeed"":51.4,""seq"":4}","{""phase"":""E"",""startLLA"":{""lat"":37.524288,""lon"":127.091639,""alt"":270.1},""endLLA"":{""lat"":37.524831,""lon"":127.084797,""alt"":305},""targetSpeed"":51.4,""seq"":5}","{""phase"":""F"",""startLLA"":{""lat"":37.524831,""lon"":127.084797,""alt"":305},""endLLA"":{""lat"":37.526451,""lon"":127.064361,""alt"":305},""targetSpeed"":51.4,""seq"":6}","{""phase"":""F"",""startLLA"":{""lat"":37.526451,""lon"":127.064361,""alt"":305},""endLLA"":{""lat"":37.53537,""lon"":127.034503,""alt"":305},""targetSpeed"":51.4,""seq"":7}","{""phase"":""F"",""startLLA"":{""lat"":37.53537,""lon"":127.034503,""alt"":305},""endLLA"":{""lat"":37.561925,""lon"":127.038491,""alt"":305},""targetSpeed"":51.4,""seq"":8}","{""phase"":""F"",""startLLA"":{""lat"":37.561925,""lon"":127.038491,""alt"":305},""endLLA"":{""lat"":37.581542,""lon"":127.048947,""alt"":305},""targetSpeed"":51.4,""seq"":9}","{""phase"":""F"",""startLLA"":{""lat"":37.581542,""lon"":127.048947,""alt"":305},""endLLA"":{""lat"":37.575947,""lon"":127.024779,""alt"":305},""targetSpeed"":51.4,""seq"":10}","{""phase"":""G"",""startLLA"":{""lat"":37.575947,""lon"":127.024779,""alt"":305},""endLLA"":{""lat"":37.575658,""lon"":127.02353,""alt"":298.4},""targetSpeed"":36,""seq"":11}","{""phase"":""G"",""startLLA"":{""lat"":37.575658,""lon"":127.02353,""alt"":298.4},""endLLA"":{""lat"":37.570521,""lon"":126.984951,""alt"":100},""targetSpeed"":36,""seq"":12}","{""phase"":""I"",""startLLA"":{""lat"":37.570521,""lon"":126.984951,""alt"":100},""endLLA"":{""lat"":37.56901,""lon"":126.973604,""alt"":15},""targetSpeed"":30,""seq"":13}","{""phase"":""J"",""startLLA"":{""lat"":37.56901,""lon"":126.973604,""alt"":15},""endLLA"":{""lat"":37.56901,""lon"":126.973604,""alt"":0},""targetSpeed"":10,""seq"":14}","{""phase"":""K"",""startLLA"":{""lat"":37.56901,""lon"":126.973604,""alt"":0},""endLLA"":{""lat"":37.56901,""lon"":126.973604,""alt"":0},""targetSpeed"":3,""seq"":15}",,,,,,
bfaef6930eb2,2026-07-11,FPL1704001,UAM0053,a2,2,1,0.5,수서,수서,용산,용산,17,G7,F1,G1,F1,17:00:00,17:11:35,17:19:25,17:25:23,17:35:23,695.43,470.04,358.28,1523.75,298.57,0,ready,수서 > 잠실대교 중간지점 > 청담대교 중간지점 > 성수대교 남단 > 주흥교 > 이수고가차로 > 상도터널 > 용산,21.2449,15,"{""phase"":""A"",""startLLA"":{""lat"":37.487441,""lon"":127.100603,""alt"":0},""endLLA"":{""lat"":37.487441,""lon"":127.100603,""alt"":0},""targetSpeed"":3,""seq"":1}","{""phase"":""B"",""startLLA"":{""lat"":37.487441,""lon"":127.100603,""alt"":0},""endLLA"":{""lat"":37.487441,""lon"":127.100603,""alt"":15},""targetSpeed"":10,""seq"":2}","{""phase"":""C"",""startLLA"":{""lat"":37.487441,""lon"":127.100603,""alt"":15},""endLLA"":{""lat"":37.498069,""lon"":127.098017,""alt"":100},""targetSpeed"":36,""seq"":3}","{""phase"":""E"",""startLLA"":{""lat"":37.498069,""lon"":127.098017,""alt"":100},""endLLA"":{""lat"":37.524288,""lon"":127.091639,""alt"":272.74},""targetSpeed"":51.4,""seq"":4}","{""phase"":""E"",""startLLA"":{""lat"":37.524288,""lon"":127.091639,""alt"":272.74},""endLLA"":{""lat"":37.524784,""lon"":127.085383,""alt"":305},""targetSpeed"":51.4,""seq"":5}","{""phase"":""F"",""startLLA"":{""lat"":37.524784,""lon"":127.085383,""alt"":305},""endLLA"":{""lat"":37.526451,""lon"":127.064361,""alt"":305},""targetSpeed"":51.4,""seq"":6}","{""phase"":""F"",""startLLA"":{""lat"":37.526451,""lon"":127.064361,""alt"":305},""endLLA"":{""lat"":37.53537,""lon"":127.034503,""alt"":305},""targetSpeed"":51.4,""seq"":7}","{""phase"":""F"",""startLLA"":{""lat"":37.53537,""lon"":127.034503,""alt"":305},""endLLA"":{""lat"":37.509486,""lon"":127.016026,""alt"":305},""targetSpeed"":51.4,""seq"":8}","{""phase"":""F"",""startLLA"":{""lat"":37.509486,""lon"":127.016026,""alt"":305},""endLLA"":{""lat"":37.497738,""lon"":126.983721,""alt"":305},""targetSpeed"":51.4,""seq"":9}","{""phase"":""F"",""startLLA"":{""lat"":37.497738,""lon"":126.983721,""alt"":305},""endLLA"":{""lat"":37.500804,""lon"":126.974867,""alt"":305},""targetSpeed"":51.4,""seq"":10}","{""phase"":""G"",""startLLA"":{""lat"":37.500804,""lon"":126.974867,""alt"":305},""endLLA"":{""lat"":37.508684,""lon"":126.95211,""alt"":177.57},""targetSpeed"":36,""seq"":11}","{""phase"":""G"",""startLLA"":{""lat"":37.508684,""lon"":126.95211,""alt"":177.57},""endLLA"":{""lat"":37.520333,""lon"":126.955695,""alt"":100},""targetSpeed"":36,""seq"":12}","{""phase"":""I"",""startLLA"":{""lat"":37.520333,""lon"":126.955695,""alt"":100},""endLLA"":{""lat"":37.529096,""lon"":126.958391,""alt"":15},""targetSpeed"":30,""seq"":13}","{""phase"":""J"",""startLLA"":{""lat"":37.529096,""lon"":126.958391,""alt"":15},""endLLA"":{""lat"":37.529096,""lon"":126.958391,""alt"":0},""targetSpeed"":10,""seq"":14}","{""phase"":""K"",""startLLA"":{""lat"":37.529096,""lon"":126.958391,""alt"":0},""endLLA"":{""lat"":37.529096,""lon"":126.958391,""alt"":0},""targetSpeed"":3,""seq"":15}",,,,,,
bfaef6930eb2,2026-07-11,FPL1711004,UAM0012,a2,2,2,1,수서,수서,천호,천호,18,G1,F1,G5,F2,18:00:00,18:06:06,18:19:22,18:26:59,18:36:59,366.86,795.71,456.57,1619.14,0,608.37,ready,수서 > 잠실대교 중간지점 > 천호,7.5877,9,"{""phase"":""A"",""startLLA"":{""lat"":37.487441,""lon"":127.100603,""alt"":0},""endLLA"":{""lat"":37.487441,""lon"":127.100603,""alt"":0},""targetSpeed"":3,""seq"":1}","{""phase"":""B"",""startLLA"":{""lat"":37.487441,""lon"":127.100603,""alt"":0},""endLLA"":{""lat"":37.487441,""lon"":127.100603,""alt"":15},""targetSpeed"":10,""seq"":2}","{""phase"":""C"",""startLLA"":{""lat"":37.487441,""lon"":127.100603,""alt"":15},""endLLA"":{""lat"":37.496146,""lon"":127.098485,""alt"":100},""targetSpeed"":36,""seq"":3}","{""phase"":""E"",""startLLA"":{""lat"":37.496146,""lon"":127.098485,""alt"":100},""endLLA"":{""lat"":37.521631,""lon"":127.092285,""alt"":305},""targetSpeed"":48.615,""seq"":4}","{""phase"":""G"",""startLLA"":{""lat"":37.521631,""lon"":127.092285,""alt"":305},""endLLA"":{""lat"":37.524288,""lon"":127.091639,""alt"":283.62},""targetSpeed"":36,""seq"":5}","{""phase"":""G"",""startLLA"":{""lat"":37.524288,""lon"":127.091639,""alt"":283.62},""endLLA"":{""lat"":37.540562,""lon"":127.112576,""alt"":100},""targetSpeed"":36,""seq"":6}","{""phase"":""I"",""startLLA"":{""lat"":37.540562,""lon"":127.112576,""alt"":100},""endLLA"":{""lat"":37.545733,""lon"":127.11923,""alt"":15},""targetSpeed"":30,""seq"":7}","{""phase"":""J"",""startLLA"":{""lat"":37.545733,""lon"":127.11923,""alt"":15},""endLLA"":{""lat"":37.545733,""lon"":127.11923,""alt"":0},""targetSpeed"":10,""seq"":8}","{""phase"":""K"",""startLLA"":{""lat"":37.545733,""lon"":127.11923,""alt"":0},""endLLA"":{""lat"":37.545733,""lon"":127.11923,""alt"":0},""targetSpeed"":3,""seq"":9}",,,,,,,,,,,,
bfaef6930eb2,2026-07-11,FPL1716002,UAM0035,a2,2,1,0.5,수서,수서,망우,망우,18,G8,F2,G8,F2,18:00:00,18:06:46,18:12:15,18:18:13,18:28:13,406.86,328.34,358.28,1093.48,40,0,ready,수서 > 잠실대교 중간지점 > 천호대교 중간지점 > 아차산 고가차도 > 망우,13.9617,12,"{""phase"":""A"",""startLLA"":{""lat"":37.487441,""lon"":127.100603,""alt"":0},""endLLA"":{""lat"":37.487441,""lon"":127.100603,""alt"":0},""targetSpeed"":3,""seq"":1}","{""phase"":""B"",""startLLA"":{""lat"":37.487441,""lon"":127.100603,""alt"":0},""endLLA"":{""lat"":37.487441,""lon"":127.100603,""alt"":15},""targetSpeed"":10,""seq"":2}","{""phase"":""C"",""startLLA"":{""lat"":37.487441,""lon"":127.100603,""alt"":15},""endLLA"":{""lat"":37.498067,""lon"":127.098018,""alt"":100},""targetSpeed"":36,""seq"":3}","{""phase"":""E"",""startLLA"":{""lat"":37.498067,""lon"":127.098018,""alt"":100},""endLLA"":{""lat"":37.524288,""lon"":127.091639,""alt"":272.79},""targetSpeed"":51.4,""seq"":4}","{""phase"":""E"",""startLLA"":{""lat"":37.524288,""lon"":127.091639,""alt"":272.79},""endLLA"":{""lat"":37.528015,""lon"":127.095801,""alt"":305},""targetSpeed"":51.4,""seq"":5}","{""phase"":""F"",""startLLA"":{""lat"":37.528015,""lon"":127.095801,""alt"":305},""endLLA"":{""lat"":37.5428,""lon"":127.112312,""alt"":305},""targetSpeed"":51.4,""seq"":6}","{""phase"":""F"",""startLLA"":{""lat"":37.5428,""lon"":127.112312,""alt"":305},""endLLA"":{""lat"":37.547423,""lon"":127.097424,""alt"":305},""targetSpeed"":51.4,""seq"":7}","{""phase"":""F"",""startLLA"":{""lat"":37.547423,""lon"":127.097424,""alt"":305},""endLLA"":{""lat"":37.557017,""lon"":127.094987,""alt"":305},""targetSpeed"":51.4,""seq"":8}","{""phase"":""G"",""startLLA"":{""lat"":37.557017,""lon"":127.094987,""alt"":305},""endLLA"":{""lat"":37.588078,""lon"":127.087099,""alt"":100},""targetSpeed"":36,""seq"":9}","{""phase"":""I"",""startLLA"":{""lat"":37.588078,""lon"":127.087099,""alt"":100},""endLLA"":{""lat"":37.596919,""lon"":127.084854,""alt"":15},""targetSpeed"":30,""seq"":10}","{""phase"":""J"",""startLLA"":{""lat"":37.596919,""lon"":127.084854,""alt"":15},""endLLA"":{""lat"":37.596919,""lon"":127.084854,""alt"":0},""targetSpeed"":10,""seq"":11}","{""phase"":""K"",""startLLA"":{""lat"":37.596919,""lon"":127.084854,""alt"":0},""endLLA"":{""lat"":37.596919,""lon"":127.084854,""alt"":0},""targetSpeed"":3,""seq"":12}",,,,,,,,,
bfaef6930eb2,2026-07-11,FPL1713002,UAM0028,a2,2,2,1,수서,수서,강남,강남,19,G1,F1,G1,F1,19:24:53,19:30:59,19:39:27,19:45:25,19:55:25,366.86,507.57,358.28,1232.71,0,226.4,ready,수서 > 잠실대교 중간지점 > 청담대교 중간지점 > 강남,11.5373,11,"{""phase"":""A"",""startLLA"":{""lat"":37.487441,""lon"":127.100603,""alt"":0},""endLLA"":{""lat"":37.487441,""lon"":127.100603,""alt"":0},""targetSpeed"":3,""seq"":1}","{""phase"":""B"",""startLLA"":{""lat"":37.487441,""lon"":127.100603,""alt"":0},""endLLA"":{""lat"":37.487441,""lon"":127.100603,""alt"":15},""targetSpeed"":10,""seq"":2}","{""phase"":""C"",""startLLA"":{""lat"":37.487441,""lon"":127.100603,""alt"":15},""endLLA"":{""lat"":37.498069,""lon"":127.098018,""alt"":100},""targetSpeed"":36,""seq"":3}","{""phase"":""E"",""startLLA"":{""lat"":37.498069,""lon"":127.098018,""alt"":100},""endLLA"":{""lat"":37.524288,""lon"":127.091639,""alt"":272.75},""targetSpeed"":51.4,""seq"":4}","{""phase"":""E"",""startLLA"":{""lat"":37.524288,""lon"":127.091639,""alt"":272.75},""endLLA"":{""lat"":37.524784,""lon"":127.085385,""alt"":305},""targetSpeed"":51.4,""seq"":5}","{""phase"":""F"",""startLLA"":{""lat"":37.524784,""lon"":127.085385,""alt"":305},""endLLA"":{""lat"":37.526451,""lon"":127.064361,""alt"":305},""targetSpeed"":51.4,""seq"":6}","{""phase"":""F"",""startLLA"":{""lat"":37.526451,""lon"":127.064361,""alt"":305},""endLLA"":{""lat"":37.52395,""lon"":127.060957,""alt"":305},""targetSpeed"":51.4,""seq"":7}","{""phase"":""G"",""startLLA"":{""lat"":37.52395,""lon"":127.060957,""alt"":305},""endLLA"":{""lat"":37.50242,""lon"":127.031646,""alt"":100},""targetSpeed"":36,""seq"":8}","{""phase"":""I"",""startLLA"":{""lat"":37.50242,""lon"":127.031646,""alt"":100},""endLLA"":{""lat"":37.496291,""lon"":127.023303,""alt"":15},""targetSpeed"":30,""seq"":9}","{""phase"":""J"",""startLLA"":{""lat"":37.496291,""lon"":127.023303,""alt"":15},""endLLA"":{""lat"":37.496291,""lon"":127.023303,""alt"":0},""targetSpeed"":10,""seq"":10}","{""phase"":""K"",""startLLA"":{""lat"":37.496291,""lon"":127.023303,""alt"":0},""endLLA"":{""lat"":37.496291,""lon"":127.023303,""alt"":0},""targetSpeed"":3,""seq"":11}",,,,,,,,,,
bfaef6930eb2,2026-07-11,FPL1713003,UAM0044,a2,2,1,0.5,수서,수서,강남,강남,19,G8,F1,G8,F1,19:35:44,19:41:50,19:46:32,19:52:30,20:02:30,366.86,281.17,358.28,1006.31,0,0,ready,수서 > 잠실대교 중간지점 > 청담대교 중간지점 > 강남,11.5373,11,"{""phase"":""A"",""startLLA"":{""lat"":37.487441,""lon"":127.100603,""alt"":0},""endLLA"":{""lat"":37.487441,""lon"":127.100603,""alt"":0},""targetSpeed"":3,""seq"":1}","{""phase"":""B"",""startLLA"":{""lat"":37.487441,""lon"":127.100603,""alt"":0},""endLLA"":{""lat"":37.487441,""lon"":127.100603,""alt"":15},""targetSpeed"":10,""seq"":2}","{""phase"":""C"",""startLLA"":{""lat"":37.487441,""lon"":127.100603,""alt"":15},""endLLA"":{""lat"":37.498069,""lon"":127.098018,""alt"":100},""targetSpeed"":36,""seq"":3}","{""phase"":""E"",""startLLA"":{""lat"":37.498069,""lon"":127.098018,""alt"":100},""endLLA"":{""lat"":37.524288,""lon"":127.091639,""alt"":272.75},""targetSpeed"":51.4,""seq"":4}","{""phase"":""E"",""startLLA"":{""lat"":37.524288,""lon"":127.091639,""alt"":272.75},""endLLA"":{""lat"":37.524784,""lon"":127.085385,""alt"":305},""targetSpeed"":51.4,""seq"":5}","{""phase"":""F"",""startLLA"":{""lat"":37.524784,""lon"":127.085385,""alt"":305},""endLLA"":{""lat"":37.526451,""lon"":127.064361,""alt"":305},""targetSpeed"":51.4,""seq"":6}","{""phase"":""F"",""startLLA"":{""lat"":37.526451,""lon"":127.064361,""alt"":305},""endLLA"":{""lat"":37.52395,""lon"":127.060957,""alt"":305},""targetSpeed"":51.4,""seq"":7}","{""phase"":""G"",""startLLA"":{""lat"":37.52395,""lon"":127.060957,""alt"":305},""endLLA"":{""lat"":37.50242,""lon"":127.031646,""alt"":100},""targetSpeed"":36,""seq"":8}","{""phase"":""I"",""startLLA"":{""lat"":37.50242,""lon"":127.031646,""alt"":100},""endLLA"":{""lat"":37.496291,""lon"":127.023303,""alt"":15},""targetSpeed"":30,""seq"":9}","{""phase"":""J"",""startLLA"":{""lat"":37.496291,""lon"":127.023303,""alt"":15},""endLLA"":{""lat"":37.496291,""lon"":127.023303,""alt"":0},""targetSpeed"":10,""seq"":10}","{""phase"":""K"",""startLLA"":{""lat"":37.496291,""lon"":127.023303,""alt"":0},""endLLA"":{""lat"":37.496291,""lon"":127.023303,""alt"":0},""targetSpeed"":3,""seq"":11}",,,,,,,,,,
bfaef6930eb2,2026-07-11,FPL1715004,UAM0050,a2,2,1,0.5,수서,수서,마곡,마곡,19,G2,F2,G1,F1,19:38:18,19:44:54,20:12:43,20:18:42,20:28:42,396.86,1669.14,358.28,2424.28,0,739.43,ready,수서 > 경부고속도로 양재천 다리 > 채석장 > 180고지 > 영등포 > 목동교 > 염창교 > 가양대교 남단 > 마곡,32.4201,16,"{""phase"":""A"",""startLLA"":{""lat"":37.487441,""lon"":127.100603,""alt"":0},""endLLA"":{""lat"":37.487441,""lon"":127.100603,""alt"":0},""targetSpeed"":3,""seq"":1}","{""phase"":""B"",""startLLA"":{""lat"":37.487441,""lon"":127.100603,""alt"":0},""endLLA"":{""lat"":37.487441,""lon"":127.100603,""alt"":15},""targetSpeed"":10,""seq"":2}","{""phase"":""C"",""startLLA"":{""lat"":37.487441,""lon"":127.100603,""alt"":15},""endLLA"":{""lat"":37.484414,""lon"":127.087505,""alt"":100},""targetSpeed"":36,""seq"":3}","{""phase"":""E"",""startLLA"":{""lat"":37.484414,""lon"":127.087505,""alt"":100},""endLLA"":{""lat"":37.475552,""lon"":127.04916,""alt"":305},""targetSpeed"":51.4,""seq"":4}","{""phase"":""F"",""startLLA"":{""lat"":37.475552,""lon"":127.04916,""alt"":305},""endLLA"":{""lat"":37.471593,""lon"":127.032031,""alt"":305},""targetSpeed"":51.4,""seq"":5}","{""phase"":""F"",""startLLA"":{""lat"":37.471593,""lon"":127.032031,""alt"":305},""endLLA"":{""lat"":37.471285,""lon"":126.985745,""alt"":305},""targetSpeed"":51.4,""seq"":6}","{""phase"":""F"",""startLLA"":{""lat"":37.471285,""lon"":126.985745,""alt"":305},""endLLA"":{""lat"":37.492877,""lon"":126.93949,""alt"":305},""targetSpeed"":51.4,""seq"":7}","{""phase"":""F"",""startLLA"":{""lat"":37.492877,""lon"":126.93949,""alt"":305},""endLLA"":{""lat"":37.515965,""lon"":126.907756,""alt"":305},""targetSpeed"":51.4,""seq"":8}","{""phase"":""F"",""startLLA"":{""lat"":37.515965,""lon"":126.907756,""alt"":305},""endLLA"":{""lat"":37.530667,""lon"":126.888262,""alt"":305},""targetSpeed"":51.4,""seq"":9}","{""phase"":""F"",""startLLA"":{""lat"":37.530667,""lon"":126.888262,""alt"":305},""endLLA"":{""lat"":37.553824,""lon"":126.875819,""alt"":305},""targetSpeed"":51.4,""seq"":10}","{""phase"":""F"",""startLLA"":{""lat"":37.553824,""lon"":126.875819,""alt"":305},""endLLA"":{""lat"":37.569391,""lon"":126.861026,""alt"":305},""targetSpeed"":51.4,""seq"":11}","{""phase"":""F"",""startLLA"":{""lat"":37.569391,""lon"":126.861026,""alt"":305},""endLLA"":{""lat"":37.567856,""lon"":126.842881,""alt"":305},""targetSpeed"":51.4,""seq"":12}","{""phase"":""G"",""startLLA"":{""lat"":37.567856,""lon"":126.842881,""alt"":305},""endLLA"":{""lat"":37.564492,""lon"":126.803122,""alt"":100},""targetSpeed"":36,""seq"":13}","{""phase"":""I"",""startLLA"":{""lat"":37.564492,""lon"":126.803122,""alt"":100},""endLLA"":{""lat"":37.563535,""lon"":126.791805,""alt"":15},""targetSpeed"":30,""seq"":14}","{""phase"":""J"",""startLLA"":{""lat"":37.563535,""lon"":126.791805,""alt"":15},""endLLA"":{""lat"":37.563535,""lon"":126.791805,""alt"":0},""targetSpeed"":10,""seq"":15}","{""phase"":""K"",""startLLA"":{""lat"":37.563535,""lon"":126.791805,""alt"":0},""endLLA"":{""lat"":37.563535,""lon"":126.791805,""alt"":0},""targetSpeed"":3,""seq"":16}",,,,,
bfaef6930eb2,2026-07-11,FPL1710002,UAM0017,a2,2,1,0.5,수서,수서,연신내,연신내,20,G1,F1,G1,F1,20:02:51,20:08:57,20:20:05,20:26:04,20:36:04,366.86,668.08,358.28,1393.22,0,0,ready,수서 > 경부고속도로 양재천 다리 > 채석장 > 180고지 > 영등포 > 선유도 17고지 > 성산대교 중간지점 > 수색교 > 연신내,31.4243,16,"{""phase"":""A"",""startLLA"":{""lat"":37.487441,""lon"":127.100603,""alt"":0},""endLLA"":{""lat"":37.487441,""lon"":127.100603,""alt"":0},""targetSpeed"":3,""seq"":1}","{""phase"":""B"",""startLLA"":{""lat"":37.487441,""lon"":127.100603,""alt"":0},""endLLA"":{""lat"":37.487441,""lon"":127.100603,""alt"":15},""targetSpeed"":10,""seq"":2}","{""phase"":""C"",""startLLA"":{""lat"":37.487441,""lon"":127.100603,""alt"":15},""endLLA"":{""lat"":37.484414,""lon"":127.087505,""alt"":100},""targetSpeed"":36,""seq"":3}","{""phase"":""E"",""startLLA"":{""lat"":37.484414,""lon"":127.087505,""alt"":100},""endLLA"":{""lat"":37.475552,""lon"":127.049159,""alt"":305},""targetSpeed"":51.4,""seq"":4}","{""phase"":""F"",""startLLA"":{""lat"":37.475552,""lon"":127.049159,""alt"":305},""endLLA"":{""lat"":37.471593,""lon"":127.032031,""alt"":305},""targetSpeed"":51.4,""seq"":5}","{""phase"":""F"",""startLLA"":{""lat"":37.471593,""lon"":127.032031,""alt"":305},""endLLA"":{""lat"":37.471285,""lon"":126.985745,""alt"":305},""targetSpeed"":51.4,""seq"":6}","{""phase"":""F"",""startLLA"":{""lat"":37.471285,""lon"":126.985745,""alt"":305},""endLLA"":{""lat"":37.492877,""lon"":126.93949,""alt"":305},""targetSpeed"":51.4,""seq"":7}","{""phase"":""F"",""startLLA"":{""lat"":37.492877,""lon"":126.93949,""alt"":305},""endLLA"":{""lat"":37.515965,""lon"":126.907756,""alt"":305},""targetSpeed"":51.4,""seq"":8}","{""phase"":""F"",""startLLA"":{""lat"":37.515965,""lon"":126.907756,""alt"":305},""endLLA"":{""lat"":37.542307,""lon"":126.90249,""alt"":305},""targetSpeed"":51.4,""seq"":9}","{""phase"":""F"",""startLLA"":{""lat"":37.542307,""lon"":126.90249,""alt"":305},""endLLA"":{""lat"":37.552574,""lon"":126.891431,""alt"":305},""targetSpeed"":51.4,""seq"":10}","{""phase"":""F"",""startLLA"":{""lat"":37.552574,""lon"":126.891431,""alt"":305},""endLLA"":{""lat"":37.583689,""lon"":126.886699,""alt"":305},""targetSpeed"":51.4,""seq"":11}","{""phase"":""G"",""startLLA"":{""lat"":37.583689,""lon"":126.886699,""alt"":305},""endLLA"":{""lat"":37.586283,""lon"":126.886304,""alt"":288.1},""targetSpeed"":36,""seq"":12}","{""phase"":""G"",""startLLA"":{""lat"":37.586283,""lon"":126.886304,""alt"":288.1},""endLLA"":{""lat"":37.605258,""lon"":126.914118,""alt"":100},""targetSpeed"":36,""seq"":13}","{""phase"":""I"",""startLLA"":{""lat"":37.605258,""lon"":126.914118,""alt"":100},""endLLA"":{""lat"":37.611145,""lon"":126.922747,""alt"":15},""targetSpeed"":30,""seq"":14}","{""phase"":""J"",""startLLA"":{""lat"":37.611145,""lon"":126.922747,""alt"":15},""endLLA"":{""lat"":37.611145,""lon"":126.922747,""alt"":0},""targetSpeed"":10,""seq"":15}","{""phase"":""K"",""startLLA"":{""lat"":37.611145,""lon"":126.922747,""alt"":0},""endLLA"":{""lat"":37.611145,""lon"":126.922747,""alt"":0},""targetSpeed"":3,""seq"":16}",,,,,
bfaef6930eb2,2026-07-11,FPL1713004,UAM0012,a2,2,1,0.5,수서,수서,강남,강남,21,G2,F1,G7,F2,21:00:00,21:06:36,21:14:42,21:21:27,21:31:27,396.86,485.94,404.31,1287.1,0,220.79,ready,수서 > 잠실대교 중간지점 > 청담대교 중간지점 > 강남,11.5373,11,"{""phase"":""A"",""startLLA"":{""lat"":37.487441,""lon"":127.100603,""alt"":0},""endLLA"":{""lat"":37.487441,""lon"":127.100603,""alt"":0},""targetSpeed"":3,""seq"":1}","{""phase"":""B"",""startLLA"":{""lat"":37.487441,""lon"":127.100603,""alt"":0},""endLLA"":{""lat"":37.487441,""lon"":127.100603,""alt"":15},""targetSpeed"":10,""seq"":2}","{""phase"":""C"",""startLLA"":{""lat"":37.487441,""lon"":127.100603,""alt"":15},""endLLA"":{""lat"":37.498069,""lon"":127.098018,""alt"":100},""targetSpeed"":36,""seq"":3}","{""phase"":""E"",""startLLA"":{""lat"":37.498069,""lon"":127.098018,""alt"":100},""endLLA"":{""lat"":37.524288,""lon"":127.091639,""alt"":272.75},""targetSpeed"":51.4,""seq"":4}","{""phase"":""E"",""startLLA"":{""lat"":37.524288,""lon"":127.091639,""alt"":272.75},""endLLA"":{""lat"":37.524784,""lon"":127.085385,""alt"":305},""targetSpeed"":51.4,""seq"":5}","{""phase"":""F"",""startLLA"":{""lat"":37.524784,""lon"":127.085385,""alt"":305},""endLLA"":{""lat"":37.526451,""lon"":127.064361,""alt"":305},""targetSpeed"":51.4,""seq"":6}","{""phase"":""F"",""startLLA"":{""lat"":37.526451,""lon"":127.064361,""alt"":305},""endLLA"":{""lat"":37.52395,""lon"":127.060957,""alt"":305},""targetSpeed"":51.4,""seq"":7}","{""phase"":""G"",""startLLA"":{""lat"":37.52395,""lon"":127.060957,""alt"":305},""endLLA"":{""lat"":37.50242,""lon"":127.031646,""alt"":100},""targetSpeed"":36,""seq"":8}","{""phase"":""I"",""startLLA"":{""lat"":37.50242,""lon"":127.031646,""alt"":100},""endLLA"":{""lat"":37.496291,""lon"":127.023303,""alt"":15},""targetSpeed"":30,""seq"":9}","{""phase"":""J"",""startLLA"":{""lat"":37.496291,""lon"":127.023303,""alt"":15},""endLLA"":{""lat"":37.496291,""lon"":127.023303,""alt"":0},""targetSpeed"":10,""seq"":10}","{""phase"":""K"",""startLLA"":{""lat"":37.496291,""lon"":127.023303,""alt"":0},""endLLA"":{""lat"":37.496291,""lon"":127.023303,""alt"":0},""targetSpeed"":3,""seq"":11}",,,,,,,,,,
bfaef6930eb2,2026-07-11,FPL1708002,UAM0021,a2,2,1,0.5,수서,수서,사당,사당,21,G8,F2,G1,F1,21:00:30,21:07:16,21:11:42,21:17:40,21:27:40,406.86,265.44,358.28,1030.58,70,0,ready,수서 > 경부고속도로 양재천 다리 > 사당,10.7285,10,"{""phase"":""A"",""startLLA"":{""lat"":37.487441,""lon"":127.100603,""alt"":0},""endLLA"":{""lat"":37.487441,""lon"":127.100603,""alt"":0},""targetSpeed"":3,""seq"":1}","{""phase"":""B"",""startLLA"":{""lat"":37.487441,""lon"":127.100603,""alt"":0},""endLLA"":{""lat"":37.487441,""lon"":127.100603,""alt"":15},""targetSpeed"":10,""seq"":2}","{""phase"":""C"",""startLLA"":{""lat"":37.487441,""lon"":127.100603,""alt"":15},""endLLA"":{""lat"":37.484412,""lon"":127.087499,""alt"":100},""targetSpeed"":36,""seq"":3}","{""phase"":""E"",""startLLA"":{""lat"":37.484412,""lon"":127.087499,""alt"":100},""endLLA"":{""lat"":37.475546,""lon"":127.049134,""alt"":305},""targetSpeed"":51.4,""seq"":4}","{""phase"":""F"",""startLLA"":{""lat"":37.475546,""lon"":127.049134,""alt"":305},""endLLA"":{""lat"":37.471861,""lon"":127.033189,""alt"":305},""targetSpeed"":51.4,""seq"":5}","{""phase"":""G"",""startLLA"":{""lat"":37.471861,""lon"":127.033189,""alt"":305},""endLLA"":{""lat"":37.471593,""lon"":127.032031,""alt"":298.81},""targetSpeed"":36,""seq"":6}","{""phase"":""G"",""startLLA"":{""lat"":37.471593,""lon"":127.032031,""alt"":298.81},""endLLA"":{""lat"":37.47482,""lon"":126.993495,""alt"":100},""targetSpeed"":36,""seq"":7}","{""phase"":""I"",""startLLA"":{""lat"":37.47482,""lon"":126.993495,""alt"":100},""endLLA"":{""lat"":37.475767,""lon"":126.982185,""alt"":15},""targetSpeed"":30,""seq"":8}","{""phase"":""J"",""startLLA"":{""lat"":37.475767,""lon"":126.982185,""alt"":15},""endLLA"":{""lat"":37.475767,""lon"":126.982185,""alt"":0},""targetSpeed"":10,""seq"":9}","{""phase"":""K"",""startLLA"":{""lat"":37.475767,""lon"":126.982185,""alt"":0},""endLLA"":{""lat"":37.475767,""lon"":126.982185,""alt"":0},""targetSpeed"":3,""seq"":10}",,,,,,,,,,,
