"LocalID","ID","Type","Pax","From","DepFATO_No","DepGate_No","STD","To","ArrFATO_No","ArrGate_No","STA","DepGateIn","DepGateOut","DepFATOIn","DepFATOOut","ArrFATOIn","ArrFATOOut","ArrGateIn","ArrGateOut"
"15-1","UAM0005","6인승","6","마곡","1","1","06:30:55","수서","2","1","06:54:26","06:29:55","06:30:55","06:35:55","06:37:55","06:54:26","06:56:26","07:01:26","07:07:26"
"15-2","UAM0037","6인승","6","마곡","1","1","06:35:45","성수","2","1","06:55:41","06:34:45","06:35:45","06:40:45","06:42:45","06:55:41","06:57:41","07:02:41","07:08:41"
"15-3","UAM0042","6인승","6","마곡","1","2","06:36:08","여의도","2","3","06:57:40","06:35:08","06:36:08","06:42:45","06:44:45","06:57:40","06:59:40","07:04:40","07:10:40"
"15-4","UAM0055","6인승","6","마곡","1","1","06:37:31","사당","2","4","07:02:23","06:36:31","06:37:31","06:44:45","06:46:45","07:02:23","07:04:23","07:09:23","07:15:23"
"15-5","UAM0064","6인승","6","마곡","1","2","06:38:18","미아","2","2","07:02:29","06:37:18","06:38:18","06:46:45","06:48:45","07:02:29","07:04:29","07:09:29","07:15:29"
"15-6","UAM0066","6인승","6","마곡","1","3","06:38:44","목동","2","1","07:04:55","06:37:44","06:38:44","06:48:45","06:50:45","07:04:55","07:06:55","07:11:55","07:17:55"
"15-7","UAM0071","6인승","6","마곡","1","1","06:39:13","강남","2","1","07:08:13","06:38:13","06:39:13","06:50:45","06:52:45","07:08:13","07:10:13","07:15:13","07:21:13"
"15-8","UAM0099","6인승","6","마곡","1","1","06:43:22","가산","2","3","07:08:28","06:42:22","06:43:22","06:52:45","06:54:45","07:08:28","07:10:28","07:15:28","07:21:28"
"15-9","UAM0105","6인승","6","마곡","1","2","06:43:53","봉천","2","1","07:08:31","06:42:53","06:43:53","06:54:45","06:56:45","07:08:31","07:10:31","07:15:31","07:21:31"
"15-10","UAM0108","6인승","6","마곡","1","3","06:44:10","천호","2","1","07:13:53","06:43:10","06:44:10","06:56:45","06:58:45","07:13:53","07:15:53","07:20:53","07:26:53"
"15-11","UAM0114","6인승","6","마곡","1","4","06:44:43","잠실","2","3","07:15:30","06:43:43","06:44:43","06:58:45","07:00:45","07:15:30","07:17:30","07:22:30","07:28:30"
"15-12","UAM0119","6인승","6","마곡","1","1","06:45:01","상암","2","2","07:18:14","06:44:01","06:45:01","07:00:45","07:02:45","07:18:14","07:20:14","07:25:14","07:31:14"
"15-13","UAM0123","6인승","6","마곡","1","2","06:45:33","광화문","2","1","07:17:27","06:44:33","06:45:33","07:02:45","07:04:45","07:17:27","07:19:27","07:24:27","07:30:27"
"15-14","UAM0157","6인승","6","마곡","1","1","06:49:56","수서","2","1","07:23:16","06:48:56","06:49:56","07:04:45","07:06:45","07:23:16","07:25:16","07:30:16","07:36:16"
"15-15","UAM0170","6인승","6","마곡","1","1","06:52:17","망우","2","1","07:25:25","06:51:17","06:52:17","07:06:45","07:08:45","07:25:25","07:27:25","07:32:25","07:38:25"
"15-16","UAM0192","6인승","6","마곡","1","1","06:55:29","여의도","2","2","07:21:40","06:54:29","06:55:29","07:08:45","07:10:45","07:21:40","07:23:40","07:28:40","07:34:40"
"15-17","UAM0201","6인승","6","마곡","1","1","06:57:09","목동","2","2","07:26:55","06:56:09","06:57:09","07:10:45","07:12:45","07:26:55","07:28:55","07:33:55","07:39:55"
"15-18","UAM0219","6인승","6","마곡","1","2","07:00:20","성수","2","1","07:27:41","06:59:20","07:00:20","07:12:45","07:14:45","07:27:41","07:29:41","07:34:41","07:40:41"
"15-19","UAM0235","6인승","6","마곡","1","3","07:02:41","천호","2","4","07:37:23","07:01:41","07:02:41","07:14:45","07:16:45","07:37:23","07:39:23","07:44:23","07:50:23"
"15-20","UAM0236","6인승","6","마곡","1","4","07:02:43","용산","2","2","07:29:16","07:01:43","07:02:43","07:16:45","07:18:45","07:29:16","07:31:16","07:36:16","07:42:16"
"15-21","UAM0243","6인승","6","마곡","1","4","07:04:33","연신내","2","1","07:30:29","07:03:33","07:04:33","07:18:45","07:20:45","07:30:29","07:32:29","07:37:29","07:43:29"
"15-22","UAM0245","6인승","6","마곡","1","5","07:04:46","광화문","2","2","07:35:27","07:03:46","07:04:46","07:20:45","07:22:45","07:35:27","07:37:27","07:42:27","07:48:27"
"15-23","UAM0018","6인승","6","마곡","1","1","07:10:24","가산","2","3","07:43:25","07:12:22","07:13:22","07:22:45","07:24:45","07:43:25","07:45:25","07:50:25","07:56:25"
"15-24","UAM0023","6인승","6","마곡","1","2","07:11:51","잠실","2","4","07:46:55","07:16:22","07:17:22","07:24:45","07:26:45","07:46:55","07:48:55","07:53:55","07:59:55"
"15-25","UAM0029","6인승","6","마곡","1","3","07:12:53","목동","2","2","07:58:55","07:18:22","07:19:22","07:26:45","07:28:45","07:58:55","08:00:55","08:05:55","08:11:55"
"15-26","UAM0050","6인승","6","마곡","1","1","07:13:27","사당","2","1","07:43:14","07:13:52","07:14:52","07:28:45","07:30:45","07:43:14","07:45:14","07:50:14","07:56:14"
"15-27","UAM0060","6인승","6","마곡","1","4","07:14:25","강남","2","3","07:48:13","07:14:22","07:15:22","07:30:45","07:32:45","07:48:13","07:50:13","07:55:13","08:01:13"
"15-28","UAM0069","6인승","6","마곡","1","2","07:22:22","봉천","2","3","07:57:56","07:32:12","07:33:12","07:38:12","07:40:12","07:57:56","07:59:56","08:04:56","08:10:56"
"15-29","UAM0109","6인승","6","마곡","1","3","07:22:59","성수","2","2","07:58:15","07:21:59","07:22:59","07:40:12","07:42:12","07:58:15","08:00:15","08:05:15","08:11:15"
"15-30","UAM0111","6인승","6","마곡","1","4","07:24:25","여의도","2","1","07:55:04","07:23:25","07:24:25","07:42:12","07:44:12","07:55:04","07:57:04","08:02:04","08:08:04"
"15-31","UAM0122","6인승","6","마곡","1","2","07:24:30","목동","2","2","08:22:55","07:48:12","07:49:12","07:54:12","07:56:12","08:22:55","08:24:55","08:29:55","08:35:55"
"15-32","UAM0335","6인승","6","마곡","1","4","07:26:33","천호","2","3","08:17:23","07:25:33","07:26:33","07:56:12","07:58:12","08:17:23","08:19:23","08:24:23","08:30:23"
"15-33","UAM0336","6인승","6","마곡","1","5","07:26:45","강남","2","1","08:15:40","07:25:45","07:26:45","07:58:12","08:00:12","08:15:40","08:17:40","08:22:40","08:28:40"
"15-34","UAM0340","6인승","6","마곡","1","6","07:27:19","연신내","2","2","08:11:56","07:26:19","07:27:19","08:00:12","08:02:12","08:11:56","08:13:56","08:18:56","08:24:56"
"15-35","UAM0104","6인승","6","마곡","1","1","07:28:30","미아","2","2","08:17:56","07:28:12","07:29:12","08:02:12","08:04:12","08:17:56","08:19:56","08:24:56","08:30:56"
"15-36","UAM0348","6인승","6","마곡","1","5","07:28:46","가산","2","2","08:19:54","07:27:46","07:28:46","08:04:12","08:06:12","08:19:54","08:21:54","08:26:54","08:32:54"
"15-37","UAM0126","6인승","6","마곡","1","3","07:30:06","사당","2","1","08:20:41","07:30:12","07:31:12","08:06:12","08:08:12","08:20:41","08:22:41","08:27:41","08:33:41"
"15-38","UAM0361","6인승","6","마곡","1","5","07:31:33","상암","2","2","08:21:47","07:30:33","07:31:33","08:08:12","08:10:12","08:21:47","08:23:47","08:28:47","08:34:47"
"15-39","UAM0128","6인승","6","마곡","1","2","07:31:43","광화문","2","1","08:24:54","08:04:12","08:05:12","08:10:12","08:12:12","08:24:54","08:26:54","08:31:54","08:37:54"
"15-40","UAM0366","6인승","6","마곡","1","6","07:33:01","목동","2","3","08:44:55","07:32:01","07:33:01","08:12:12","08:14:12","08:44:55","08:46:55","08:51:55","08:57:55"
"15-41","UAM0135","6인승","6","마곡","1","4","07:34:13","성수","2","2","08:29:08","07:34:12","07:35:12","08:14:12","08:16:12","08:29:08","08:31:08","08:36:08","08:42:08"
"15-42","UAM0153","6인승","6","마곡","1","1","07:39:11","강남","2","1","08:33:40","07:44:12","07:45:12","08:16:12","08:18:12","08:33:40","08:35:40","08:40:40","08:46:40"
"15-43","UAM0156","6인승","6","마곡","1","3","07:40:23","성수","2","1","08:33:08","07:46:12","07:47:12","08:18:12","08:20:12","08:33:08","08:35:08","08:40:08","08:46:08"
"15-44","UAM0169","6인승","6","마곡","1","2","07:40:41","망우","2","1","08:38:52","08:05:42","08:06:42","08:20:12","08:22:12","08:38:52","08:40:52","08:45:52","08:51:52"
"15-45","UAM0171","6인승","6","마곡","1","4","07:41:43","천호","2","4","08:45:23","07:50:12","07:51:12","08:22:12","08:24:12","08:45:23","08:47:23","08:52:23","08:58:23"
"15-46","UAM0173","6인승","6","마곡","1","1","07:46:02","용산","2","1","08:36:43","08:00:12","08:01:12","08:24:12","08:26:12","08:36:43","08:38:43","08:43:43","08:49:43"
"15-47","UAM0174","6인승","6","마곡","1","3","07:46:25","잠실","2","2","08:42:57","08:02:12","08:03:12","08:26:12","08:28:12","08:42:57","08:44:57","08:49:57","08:55:57"
"15-48","UAM0409","6인승","6","마곡","1","5","07:47:15","여의도","2","2","08:41:04","07:46:15","07:47:15","08:28:12","08:30:12","08:41:04","08:43:04","08:48:04","08:54:04"
"15-49","UAM0184","6인승","6","마곡","1","2","07:47:42","목동","2","4","09:10:55","08:14:12","08:15:12","08:30:12","08:32:12","09:10:55","09:12:55","09:17:55","09:23:55"
"15-50","UAM0420","6인승","6","마곡","1","5","07:48:59","광화문","2","2","08:48:01","07:47:59","07:48:59","08:32:12","08:34:12","08:48:01","08:50:01","08:55:01","09:01:01"
"15-51","UAM0421","6인승","6","마곡","1","6","07:49:04","수서","2","1","08:52:43","07:48:04","07:49:04","08:34:12","08:36:12","08:52:43","08:54:43","08:59:43","09:05:43"
"15-52","UAM0199","6인승","6","마곡","1","4","07:52:06","가산","2","3","08:51:54","07:51:42","07:52:42","08:36:12","08:38:12","08:51:54","08:53:54","08:58:54","09:04:54"
"15-53","UAM0204","6인승","6","마곡","1","1","07:56:06","봉천","2","2","08:51:58","08:01:42","08:02:42","08:38:12","08:40:12","08:51:58","08:53:58","08:58:58","09:04:58"
"15-54","UAM0215","6인승","6","마곡","1","3","07:56:48","미아","2","1","08:55:56","08:03:42","08:04:42","08:40:12","08:42:12","08:55:56","08:57:56","09:02:56","09:08:56"
"15-55","UAM0228","6인승","6","마곡","1","2","07:58:24","사당","2","1","08:56:41","08:30:12","08:31:12","08:42:12","08:44:12","08:56:41","08:58:41","09:03:41","09:09:41"
"15-56","UAM0454","6인승","6","마곡","1","4","07:59:00","성수","2","1","08:59:08","07:58:00","07:59:00","08:44:12","08:46:12","08:59:08","09:01:08","09:06:08","09:12:08"
"15-57","UAM0231","6인승","6","마곡","1","1","08:00:09","강남","2","3","09:12:49","08:03:12","08:04:12","08:46:12","08:48:12","09:12:49","09:14:49","09:19:49","09:25:49"
"15-58","UAM0458","6인승","6","마곡","1","5","08:01:17","광화문","2","1","09:02:54","08:00:17","08:01:17","08:48:12","08:50:12","09:02:54","09:04:54","09:09:54","09:15:54"
"15-59","UAM0239","6인승","6","마곡","1","3","08:02:19","목동","2","4","09:34:55","08:05:12","08:06:12","08:50:12","08:52:12","09:34:55","09:36:55","09:41:55","09:47:55"
"15-60","UAM0463","6인승","6","마곡","1","6","08:02:43","잠실","2","1","09:08:57","08:01:43","08:02:43","08:52:12","08:54:12","09:08:57","09:10:57","09:15:57","09:21:57"
"15-61","UAM0464","6인승","6","마곡","1","7","08:02:46","천호","2","5","09:23:23","08:01:46","08:02:46","08:54:12","08:56:12","09:23:23","09:25:23","09:30:23","09:36:23"
"15-62","UAM0037","6인승","6","마곡","1","2","08:07:12","수서","2","1","09:14:43","08:31:42","08:32:42","08:56:12","08:58:12","09:14:43","09:16:43","09:21:43","09:27:43"
"15-63","UAM0276","6인승","6","마곡","1","5","08:08:55","여의도","2","2","09:11:04","08:08:42","08:09:42","08:58:12","09:00:12","09:11:04","09:13:04","09:18:04","09:24:04"
"15-64","UAM0051","6인승","6","마곡","1","4","08:10:50","봉천","2","1","09:13:58","08:09:50","08:10:50","09:00:12","09:02:12","09:13:58","09:15:58","09:20:58","09:26:58"
"15-65","UAM0490","6인승","6","마곡","1","5","08:11:36","목동","2","3","09:58:55","08:10:36","08:11:36","09:02:12","09:04:12","09:58:55","10:00:55","10:05:55","10:11:55"
"15-66","UAM0270","6인승","6","마곡","1","1","08:12:22","강남","2","3","09:36:49","08:12:12","08:13:12","09:04:12","09:06:12","09:36:49","09:38:49","09:43:49","09:49:49"
"15-67","UAM0492","6인승","6","마곡","1","6","08:12:30","망우","2","1","09:24:52","08:11:30","08:12:30","09:06:12","09:08:12","09:24:52","09:26:52","09:31:52","09:37:52"
"15-68","UAM0061","6인승","6","마곡","1","2","08:14:39","천호","2","2","09:39:23","08:33:12","08:34:12","09:08:12","09:10:12","09:39:23","09:41:23","09:46:23","09:52:23"
"15-69","UAM0500","6인승","6","마곡","1","5","08:15:11","용산","2","2","09:23:50","08:14:11","08:15:11","09:10:12","09:12:12","09:23:50","09:25:50","09:30:50","09:36:50"
"15-70","UAM0282","6인승","6","마곡","1","3","08:19:01","성수","2","1","09:27:08","08:24:12","08:25:12","09:12:12","09:14:12","09:27:08","09:29:08","09:34:08","09:40:08"
"15-71","UAM0293","6인승","6","마곡","1","1","08:20:10","강남","2","2","09:42:49","08:28:12","08:29:12","09:14:12","09:16:12","09:42:49","09:44:49","09:49:49","09:55:49"
"15-72","UAM0085","6인승","6","마곡","1","4","08:20:30","잠실","2","1","09:32:57","08:26:12","08:27:12","09:16:12","09:18:12","09:32:57","09:34:57","09:39:57","09:45:57"
"15-73","UAM0063","6인승","6","마곡","1","2","08:22:19","사당","2","1","09:32:41","08:42:12","08:43:12","09:18:12","09:20:12","09:32:41","09:34:41","09:39:41","09:45:41"
"15-74","UAM0526","6인승","6","마곡","1","5","08:23:03","광화문","2","1","09:34:54","08:22:03","08:23:03","09:20:12","09:22:12","09:34:54","09:36:54","09:41:54","09:47:54"
"15-75","UAM0074","6인승","6","마곡","1","3","08:25:44","망우","2","2","09:41:58","08:32:42","08:33:42","09:22:12","09:24:12","09:41:58","09:43:58","09:48:58","09:54:58"
"15-76","UAM0092","6인승","6","마곡","1","4","08:26:08","연신내","2","2","09:39:22","08:34:42","08:35:42","09:24:12","09:26:12","09:39:22","09:41:22","09:46:22","09:52:22"
"15-77","UAM0537","6인승","6","마곡","1","5","08:26:30","성수","2","2","09:41:08","08:25:30","08:26:30","09:26:12","09:28:12","09:41:08","09:43:08","09:48:08","09:54:08"
"15-78","UAM0540","6인승","6","마곡","1","6","08:27:08","수서","2","1","09:46:43","08:26:08","08:27:08","09:28:12","09:30:12","09:46:43","09:48:43","09:53:43","09:59:43"
"15-79","UAM0311","6인승","6","마곡","1","2","08:32:33","목동","2","2","10:48:55","08:58:12","08:59:12","09:30:12","09:32:12","10:48:55","10:50:55","10:55:55","11:01:55"
"15-80","UAM0323","6인승","6","마곡","1","3","08:35:17","미아","2","1","09:47:56","08:34:17","08:35:17","09:32:12","09:34:12","09:47:56","09:49:56","09:54:56","10:00:56"
"15-81","UAM0065","6인승","6","마곡","1","1","08:36:04","여의도","2","2","09:47:04","08:40:12","08:41:12","09:34:12","09:36:12","09:47:04","09:49:04","09:54:04","10:00:04"
"15-82","UAM0101","6인승","6","마곡","1","4","08:36:54","광화문","2","2","09:52:01","08:36:12","08:37:12","09:36:12","09:38:12","09:52:01","09:54:01","09:59:01","10:05:01"
"15-83","UAM0168","6인승","6","마곡","1","5","08:38:30","상암","2","1","09:51:47","08:37:30","08:38:30","09:38:12","09:40:12","09:51:47","09:53:47","09:58:47","10:04:47"
"15-84","UAM0330","6인승","6","마곡","1","1","08:39:42","천호","2","4","10:21:23","08:56:12","08:57:12","09:40:12","09:42:12","10:21:23","10:23:23","10:28:23","10:34:23"
"15-85","UAM0588","6인승","6","마곡","1","6","08:39:46","성수","2","1","09:57:08","08:38:46","08:39:46","09:42:12","09:44:12","09:57:08","09:59:08","10:04:08","10:10:08"
"15-86","UAM0356","6인승","6","마곡","1","2","08:43:15","망우","2","1","10:02:52","09:14:12","09:15:12","09:44:12","09:46:12","10:02:52","10:04:52","10:09:52","10:15:52"
"15-87","UAM0360","6인승","6","마곡","1","3","08:44:03","가산","2","2","10:02:35","08:44:12","08:45:12","09:46:12","09:48:12","10:02:35","10:04:35","10:09:35","10:15:35"
"15-88","UAM0606","6인승","6","마곡","1","5","08:45:27","잠실","2","2","10:05:54","08:44:27","08:45:27","09:48:12","09:50:12","10:05:54","10:07:54","10:12:54","10:18:54"
"15-89","UAM0195","6인승","6","마곡","1","4","08:46:39","목동","2","1","11:26:55","08:46:12","08:47:12","09:50:12","09:52:12","11:26:55","11:28:55","11:33:55","11:39:55"
"15-90","UAM0612","6인승","6","마곡","1","6","08:46:48","강남","2","1","10:26:49","08:45:48","08:46:48","09:52:12","09:54:12","10:26:49","10:28:49","10:33:49","10:39:49"
"15-91","UAM0146","6인승","6","마곡","1","1","08:52:35","천호","2","3","10:37:23","09:12:12","09:13:12","09:54:12","09:56:12","10:37:23","10:39:23","10:44:23","10:50:23"
"15-92","UAM0227","6인승","6","마곡","1","2","08:53:20","광화문","2","1","10:10:54","09:22:42","09:23:42","09:56:12","09:58:12","10:10:54","10:12:54","10:17:54","10:23:54"
"15-93","UAM0137","6인승","6","마곡","1","3","08:53:50","수서","2","1","10:16:43","09:00:12","09:01:12","09:58:12","10:00:12","10:16:43","10:18:43","10:23:43","10:29:43"
"15-94","UAM0200","6인승","6","마곡","1","4","08:54:14","연신내","2","1","10:11:56","08:54:42","08:55:42","10:00:12","10:02:12","10:11:56","10:13:56","10:18:56","10:24:56"
"15-95","UAM0382","6인승","6","마곡","1","1","08:56:00","여의도","2","2","10:15:40","09:20:42","09:21:42","10:02:12","10:04:12","10:15:40","10:17:40","10:22:40","10:28:40"
"15-96","UAM0647","6인승","6","마곡","1","5","08:56:48","미아","2","1","10:19:56","08:55:48","08:56:48","10:04:12","10:06:12","10:19:56","10:21:56","10:26:56","10:32:56"
"15-97","UAM0648","6인승","6","마곡","1","6","08:57:02","잠실","2","2","10:25:54","08:56:02","08:57:02","10:06:12","10:08:12","10:25:54","10:27:54","10:32:54","10:38:54"
"15-98","UAM0384","6인승","6","마곡","1","2","08:58:22","성수","2","1","10:23:08","09:24:12","09:25:12","10:08:12","10:10:12","10:23:08","10:25:08","10:30:08","10:36:08"
"15-99","UAM0654","6인승","6","마곡","1","4","08:58:25","목동","2","4","11:40:55","08:57:25","08:58:25","10:10:12","10:12:12","11:40:55","11:42:55","11:47:55","11:53:55"
"15-100","UAM0269","6인승","6","마곡","1","3","09:00:21","용산","2","1","10:24:43","09:16:12","09:17:12","10:12:12","10:14:12","10:24:43","10:26:43","10:31:43","10:37:43"
"15-101","UAM0659","6인승","6","마곡","1","4","09:01:41","상암","2","1","10:27:47","09:00:41","09:01:41","10:14:12","10:16:12","10:27:47","10:29:47","10:34:47","10:40:47"
"15-102","UAM0371","6인승","6","마곡","1","1","09:04:46","가산","2","1","10:31:54","09:22:12","09:23:12","10:16:12","10:18:12","10:31:54","10:33:54","10:38:54","10:44:54"
"15-103","UAM0671","6인승","6","마곡","1","4","09:05:37","사당","2","2","10:35:39","09:04:37","09:05:37","10:18:12","10:20:12","10:35:39","10:37:39","10:42:39","10:48:39"
"15-104","UAM0402","6인승","6","마곡","1","2","09:08:48","천호","2","3","11:10:27","09:40:12","09:41:12","10:20:12","10:22:12","11:10:27","11:12:27","11:17:27","11:23:27"
"15-105","UAM0408","6인승","6","마곡","1","3","09:08:54","목동","2","1","12:02:55","09:24:42","09:25:42","10:22:12","10:24:12","12:02:55","12:04:55","12:09:55","12:15:55"
"15-106","UAM0689","6인승","6","마곡","1","4","09:10:23","성수","2","1","10:42:15","09:09:23","09:10:23","10:24:12","10:26:12","10:42:15","10:44:15","10:49:15","10:55:15"
"15-107","UAM0694","6인승","6","마곡","1","5","09:11:02","봉천","2","3","10:44:57","09:10:02","09:11:02","10:26:12","10:28:12","10:44:57","10:46:57","10:51:57","10:57:57"
"15-108","UAM0249","6인승","6","마곡","1","1","09:13:31","강남","2","4","10:56:49","09:38:12","09:39:12","10:28:12","10:30:12","10:56:49","10:58:49","11:03:49","11:09:49"
"15-109","UAM0413","6인승","6","마곡","1","2","09:15:01","잠실","2","2","10:46:57","09:56:12","09:57:12","10:30:12","10:32:12","10:46:57","10:48:57","10:53:57","10:59:57"
"15-110","UAM0705","6인승","6","마곡","1","5","09:15:28","사당","2","1","10:46:41","09:14:28","09:15:28","10:32:12","10:34:12","10:46:41","10:48:41","10:53:41","10:59:41"
"15-111","UAM0415","6인승","6","마곡","1","3","09:15:59","미아","2","1","10:49:56","09:26:12","09:27:12","10:34:12","10:36:12","10:49:56","10:51:56","10:56:56","11:02:56"
"15-112","UAM0710","6인승","6","마곡","1","6","09:16:36","망우","2","2","10:54:52","09:15:36","09:16:36","10:36:12","10:38:12","10:54:52","10:56:52","11:01:52","11:07:52"
"15-113","UAM0716","6인승","6","마곡","1","5","09:17:19","수서","2","1","10:56:43","09:16:19","09:17:19","10:38:12","10:40:12","10:56:43","10:58:43","11:03:43","11:09:43"
"15-114","UAM0717","6인승","6","마곡","1","7","09:17:35","여의도","2","1","10:53:04","09:16:35","09:17:35","10:40:12","10:42:12","10:53:04","10:55:04","11:00:04","11:06:04"
"15-115","UAM0437","6인승","6","마곡","1","1","09:19:46","용산","2","1","10:54:43","09:54:12","09:55:12","10:42:12","10:44:12","10:54:43","10:56:43","11:01:43","11:07:43"
"15-116","UAM0005","6인승","6","마곡","1","4","09:22:21","천호","2","1","11:31:23","09:26:12","09:27:12","10:44:12","10:46:12","11:31:23","11:33:23","11:38:23","11:44:23"
"15-117","UAM0261","6인승","6","마곡","1","2","09:22:36","강남","2","3","11:14:49","10:12:12","10:13:12","10:46:12","10:48:12","11:14:49","11:16:49","11:21:49","11:27:49"
"15-118","UAM0734","6인승","6","마곡","1","5","09:23:26","목동","2","2","12:40:55","09:22:26","09:23:26","10:48:12","10:50:12","12:40:55","12:42:55","12:47:55","12:53:55"
"15-119","UAM0439","6인승","6","마곡","1","3","09:23:48","광화문","2","2","11:07:25","09:42:12","09:43:12","10:50:12","10:52:12","11:07:25","11:09:25","11:14:25","11:20:25"
"15-120","UAM0425","6인승","6","마곡","1","1","09:30:55","망우","2","3","11:13:58","10:10:12","10:11:12","10:52:12","10:54:12","11:13:58","11:15:58","11:20:58","11:26:58"
"15-121","UAM0220","6인승","6","마곡","1","4","09:33:55","성수","2","2","11:09:08","09:36:12","09:37:12","10:54:12","10:56:12","11:09:08","11:11:08","11:16:08","11:22:08"
"15-122","UAM0278","6인승","6","마곡","1","2","09:35:06","목동","2","3","12:58:55","10:13:42","10:14:42","10:56:12","10:58:12","12:58:55","13:00:55","13:05:55","13:11:55"
"15-123","UAM0032","6인승","6","마곡","1","3","09:35:17","수서","2","1","11:16:43","09:58:12","09:59:12","10:58:12","11:00:12","11:16:43","11:18:43","11:23:43","11:29:43"
"15-124","UAM0767","6인승","6","마곡","1","5","09:35:39","강남","2","3","11:42:49","09:34:39","09:35:39","11:00:12","11:02:12","11:42:49","11:44:49","11:49:49","11:55:49"
"15-125","UAM0304","6인승","6","마곡","1","4","09:36:34","가산","2","2","11:17:54","09:37:42","09:38:42","11:02:12","11:04:12","11:17:54","11:19:54","11:24:54","11:30:54"
"15-126","UAM0266","6인승","6","마곡","1","1","09:37:57","잠실","2","2","11:20:57","10:11:42","10:12:42","11:04:12","11:06:12","11:20:57","11:22:57","11:27:57","11:33:57"
"15-127","UAM0778","6인승","6","마곡","1","5","09:39:40","사당","2","1","11:20:41","09:38:40","09:39:40","11:06:12","11:08:12","11:20:41","11:22:41","11:27:41","11:33:41"
"15-128","UAM0318","6인승","6","마곡","1","2","09:40:22","광화문","2","3","11:25:25","10:22:12","10:23:12","11:08:12","11:10:12","11:25:25","11:27:25","11:32:25","11:38:25"
"15-129","UAM0780","6인승","6","마곡","1","4","09:40:41","상암","2","2","11:23:47","09:39:41","09:40:41","11:10:12","11:12:12","11:23:47","11:25:47","11:30:47","11:36:47"
"15-130","UAM0472","6인승","6","마곡","1","3","09:41:49","봉천","2","1","11:25:58","10:14:12","10:15:12","11:12:12","11:14:12","11:25:58","11:27:58","11:32:58","11:38:58"
"15-131","UAM0795","6인승","6","마곡","1","4","09:44:01","강남","2","3","11:50:49","09:43:01","09:44:01","11:14:12","11:16:12","11:50:49","11:52:49","11:57:49","12:03:49"
"15-132","UAM0797","6인승","6","마곡","1","5","09:44:43","천호","2","3","12:05:23","09:43:43","09:44:43","11:16:12","11:18:12","12:05:23","12:07:23","12:12:23","12:18:23"
"15-133","UAM0453","6인승","6","마곡","1","1","09:46:54","미아","2","2","11:33:56","10:20:12","10:21:12","11:18:12","11:20:12","11:33:56","11:35:56","11:40:56","11:46:56"
"15-134","UAM0805","6인승","6","마곡","1","5","09:47:38","연신내","2","2","11:31:56","09:46:38","09:47:38","11:20:12","11:22:12","11:31:56","11:33:56","11:38:56","11:44:56"
"15-135","UAM0303","6인승","6","마곡","1","3","09:51:29","목동","2","1","13:42:55","10:15:42","10:16:42","11:22:12","11:24:12","13:42:55","13:44:55","13:49:55","13:55:55"
"15-136","UAM0034","6인승","6","마곡","1","2","09:51:30","사당","2","2","11:41:39","10:30:42","10:31:42","11:24:12","11:26:12","11:41:39","11:43:39","11:48:39","11:54:39"
"15-137","UAM0067","6인승","6","마곡","1","4","09:51:51","잠실","2","2","11:42:57","09:52:12","09:53:12","11:26:12","11:28:12","11:42:57","11:44:57","11:49:57","11:55:57"
"15-138","UAM0822","6인승","6","마곡","1","5","09:53:12","망우","2","1","11:46:52","09:52:12","09:53:12","11:28:12","11:30:12","11:46:52","11:48:52","11:53:52","11:59:52"
"15-139","UAM0043","6인승","6","마곡","1","1","09:54:25","여의도","2","2","11:43:04","10:28:42","10:29:42","11:30:12","11:32:12","11:43:04","11:45:04","11:50:04","11:56:04"
"15-140","UAM0485","6인승","6","마곡","1","2","09:57:14","강남","2","3","12:20:49","10:32:12","10:33:12","11:32:12","11:34:12","12:20:49","12:22:49","12:27:49","12:33:49"
"15-141","UAM0301","6인승","6","마곡","1","3","09:59:43","광화문","2","2","11:48:54","10:24:12","10:25:12","11:34:12","11:36:12","11:48:54","11:50:54","11:55:54","12:01:54"
"15-142","UAM0836","6인승","6","마곡","1","4","10:00:46","용산","2","2","11:48:43","09:59:46","10:00:46","11:36:12","11:38:12","11:48:43","11:50:43","11:55:43","12:01:43"
"15-143","UAM0837","6인승","6","마곡","1","5","10:00:47","수서","2","2","11:56:43","09:59:47","10:00:47","11:38:12","11:40:12","11:56:43","11:58:43","12:03:43","12:09:43"
"15-144","UAM0294","6인승","6","마곡","1","1","10:02:39","목동","2","5","13:58:55","10:30:12","10:31:12","11:40:12","11:42:12","13:58:55","14:00:55","14:05:55","14:11:55"
"15-145","UAM0504","6인승","6","마곡","1","3","10:06:35","천호","2","1","12:30:27","10:32:42","10:33:42","11:42:12","11:44:12","12:30:27","12:32:27","12:37:27","12:43:27"
"15-146","UAM0088","6인승","6","마곡","1","2","10:08:49","수서","2","1","12:02:43","10:33:42","10:34:42","11:44:12","11:46:12","12:02:43","12:04:43","12:09:43","12:15:43"
"15-147","UAM0508","6인승","6","마곡","1","1","10:09:48","봉천","2","1","11:59:58","10:31:42","10:32:42","11:46:12","11:48:12","11:59:58","12:01:58","12:06:58","12:12:58"
"15-148","UAM0230","6인승","6","마곡","1","4","10:11:20","성수","2","2","12:03:08","10:16:12","10:17:12","11:48:12","11:50:12","12:03:08","12:05:08","12:10:08","12:16:08"
"15-149","UAM0861","6인승","6","마곡","1","5","10:11:21","사당","2","1","12:04:41","10:10:21","10:11:21","11:50:12","11:52:12","12:04:41","12:06:41","12:11:41","12:17:41"
"15-150","UAM0864","6인승","6","마곡","1","6","10:11:29","망우","2","3","12:10:52","10:10:29","10:11:29","11:52:12","11:54:12","12:10:52","12:12:52","12:17:52","12:23:52"
"15-151","UAM0099","6인승","6","마곡","1","2","10:12:32","잠실","2","1","12:10:57","10:42:12","10:43:12","11:54:12","11:56:12","12:10:57","12:12:57","12:17:57","12:23:57"
"15-152","UAM0867","6인승","6","마곡","1","7","10:12:37","연신내","2","1","12:07:56","10:11:37","10:12:37","11:56:12","11:58:12","12:07:56","12:09:56","12:14:56","12:20:56"
"15-153","UAM0512","6인승","6","마곡","1","3","10:16:58","목동","2","1","14:28:55","10:34:12","10:35:12","11:58:12","12:00:12","14:28:55","14:30:55","14:35:55","14:41:55"
"15-154","UAM0075","6인승","6","마곡","1","4","10:17:42","천호","2","3","12:53:23","10:17:42","10:18:42","12:00:12","12:02:12","12:53:23","12:55:23","13:00:23","13:06:23"
"15-155","UAM0876","6인승","6","마곡","1","5","10:18:01","가산","2","1","12:17:54","10:17:01","10:18:01","12:02:12","12:04:12","12:17:54","12:19:54","12:24:54","12:30:54"
"15-156","UAM0877","6인승","6","마곡","1","6","10:18:21","여의도","2","1","12:17:04","10:17:21","10:18:21","12:04:12","12:06:12","12:17:04","12:19:04","12:24:04","12:30:04"
"15-157","UAM0879","6인승","6","마곡","1","7","10:19:00","상암","2","2","12:20:14","10:18:00","10:19:00","12:06:12","12:08:12","12:20:14","12:22:14","12:27:14","12:33:14"
"15-158","UAM0880","6인승","6","마곡","1","5","10:19:01","광화문","2","2","12:22:54","10:18:31","10:19:31","12:08:12","12:10:12","12:22:54","12:24:54","12:29:54","12:35:54"
"15-159","UAM0881","6인승","6","마곡","1","6","10:19:06","강남","2","4","12:46:49","10:18:51","10:19:51","12:10:12","12:12:12","12:46:49","12:48:49","12:53:49","12:59:49"
"15-160","UAM0066","6인승","6","마곡","1","1","10:20:23","성수","2","2","12:27:08","10:40:12","10:41:12","12:12:12","12:14:12","12:27:08","12:29:08","12:34:08","12:40:08"
"15-161","UAM0525","6인승","6","마곡","1","2","10:24:27","잠실","2","2","12:30:57","10:58:12","10:59:12","12:14:12","12:16:12","12:30:57","12:32:57","12:37:57","12:43:57"
"15-162","UAM0340","6인승","6","마곡","1","4","10:28:34","망우","2","1","12:34:52","10:34:12","10:35:12","12:16:12","12:18:12","12:34:52","12:36:52","12:41:52","12:47:52"
"15-163","UAM0542","6인승","6","마곡","1","3","10:31:51","가산","2","1","12:33:54","10:35:42","10:36:42","12:18:12","12:20:12","12:33:54","12:35:54","12:40:54","12:46:54"
"15-164","UAM0357","6인승","6","마곡","1","2","10:32:32","광화문","2","3","12:37:25","11:06:42","11:07:42","12:20:12","12:22:12","12:37:25","12:39:25","12:44:25","12:50:25"
"15-165","UAM0062","6인승","6","마곡","1","3","10:34:36","미아","2","2","12:37:56","10:44:12","10:45:12","12:22:12","12:24:12","12:37:56","12:39:56","12:44:56","12:50:56"
"15-166","UAM0113","6인승","6","마곡","1","1","10:35:00","천호","2","1","13:08:27","10:56:12","10:57:12","12:24:12","12:26:12","13:08:27","13:10:27","13:15:27","13:21:27"
"15-167","UAM0150","6인승","6","마곡","1","4","10:36:10","목동","2","4","14:52:55","10:35:42","10:36:42","12:26:12","12:28:12","14:52:55","14:54:55","14:59:55","15:05:55"
"15-168","UAM0096","6인승","6","마곡","1","5","10:36:21","강남","2","2","13:06:49","10:36:12","10:37:12","12:28:12","12:30:12","13:06:49","13:08:49","13:13:49","13:19:49"
"15-169","UAM0908","6인승","6","마곡","1","6","10:36:22","수서","2","2","12:48:43","10:35:22","10:36:22","12:30:12","12:32:12","12:48:43","12:50:43","12:55:43","13:01:43"
"15-170","UAM0912","6인승","6","마곡","1","4","10:38:18","여의도","2","2","12:45:04","10:37:18","10:38:18","12:32:12","12:34:12","12:45:04","12:47:04","12:52:04","12:58:04"
"15-171","UAM0520","6인승","6","마곡","1","1","10:40:08","사당","2","1","12:48:41","11:04:42","11:05:42","12:34:12","12:36:12","12:48:41","12:50:41","12:55:41","13:01:41"
"15-172","UAM0920","6인승","6","마곡","1","4","10:41:32","성수","2","2","12:51:08","10:40:32","10:41:32","12:36:12","12:38:12","12:51:08","12:53:08","12:58:08","13:04:08"
"15-173","UAM0548","6인승","6","마곡","1","2","10:43:05","봉천","2","2","12:51:58","11:08:12","11:09:12","12:38:12","12:40:12","12:51:58","12:53:58","12:58:58","13:04:58"
"15-174","UAM0387","6인승","6","마곡","1","3","10:45:44","잠실","2","2","12:56:57","11:00:12","11:01:12","12:40:12","12:42:12","12:56:57","12:58:57","13:03:57","13:09:57"
"15-175","UAM0931","6인승","6","마곡","1","4","10:46:43","목동","2","1","15:20:55","10:45:43","10:46:43","12:42:12","12:44:12","15:20:55","15:22:55","15:27:55","15:33:55"
"15-176","UAM0344","6인승","6","마곡","1","1","10:48:00","용산","2","1","12:56:43","11:06:12","11:07:12","12:44:12","12:46:12","12:56:43","12:58:43","13:03:43","13:09:43"
"15-177","UAM0936","6인승","6","마곡","1","5","10:49:07","강남","2","4","13:28:49","10:48:07","10:49:07","12:46:12","12:48:12","13:28:49","13:30:49","13:35:49","13:41:49"
"15-178","UAM0379","6인승","6","마곡","1","2","10:49:44","망우","2","3","13:09:58","11:16:42","11:17:42","12:48:12","12:50:12","13:09:58","13:11:58","13:16:58","13:22:58"
"15-179","UAM0582","6인승","6","마곡","1","3","10:52:10","성수","2","2","13:08:15","11:08:42","11:09:42","12:50:12","12:52:12","13:08:15","13:10:15","13:15:15","13:21:15"
"15-180","UAM0128","6인승","6","마곡","1","4","10:55:11","광화문","2","1","13:10:01","10:54:12","10:55:12","12:52:12","12:54:12","13:10:01","13:12:01","13:17:01","13:23:01"
"15-181","UAM0179","6인승","6","마곡","1","1","10:57:02","천호","2","5","13:42:27","11:14:42","11:15:42","12:54:12","12:56:12","13:42:27","13:44:27","13:49:27","13:55:27"
"15-182","UAM0351","6인승","6","마곡","1","2","10:58:46","목동","2","5","15:40:55","11:18:12","11:19:12","12:56:12","12:58:12","15:40:55","15:42:55","15:47:55","15:53:55"
"15-183","UAM0955","6인승","6","마곡","1","5","10:59:08","여의도","2","2","13:11:40","10:58:08","10:59:08","12:58:12","13:00:12","13:11:40","13:13:40","13:18:40","13:24:40"
"15-184","UAM0138","6인승","6","마곡","1","3","11:01:06","가산","2","1","13:15:54","11:10:12","11:11:12","13:00:12","13:02:12","13:15:54","13:17:54","13:22:54","13:28:54"
"15-185","UAM0961","6인승","6","마곡","1","5","11:01:15","미아","2","2","13:19:33","11:00:15","11:01:15","13:02:12","13:04:12","13:19:33","13:21:33","13:26:33","13:32:33"
"15-186","UAM0598","6인승","6","마곡","1","1","11:04:40","상암","2","2","13:17:47","11:16:12","11:17:12","13:04:12","13:06:12","13:17:47","13:19:47","13:24:47","13:30:47"
"15-187","UAM0359","6인승","6","마곡","1","4","11:06:17","강남","2","2","14:02:49","11:10:12","11:11:12","13:06:12","13:08:12","14:02:49","14:04:49","14:09:49","14:15:49"
"15-188","UAM0449","6인승","6","마곡","1","2","11:09:17","수서","2","1","13:26:43","11:19:42","11:20:42","13:08:12","13:10:12","13:26:43","13:28:43","13:33:43","13:39:43"
"15-189","UAM0337","6인승","6","마곡","1","3","11:09:51","사당","2","1","13:24:41","11:18:42","11:19:42","13:10:12","13:12:12","13:24:41","13:26:41","13:31:41","13:37:41"
"15-190","UAM0374","6인승","6","마곡","1","4","11:10:13","광화문","2","2","13:28:01","11:11:42","11:12:42","13:12:12","13:14:12","13:28:01","13:30:01","13:35:01","13:41:01"
"15-191","UAM0985","6인승","6","마곡","1","5","11:11:28","성수","2","1","13:29:08","11:10:28","11:11:28","13:14:12","13:16:12","13:29:08","13:31:08","13:36:08","13:42:08"
"15-192","UAM0988","6인승","6","마곡","1","6","11:12:14","목동","2","2","16:02:55","11:11:14","11:12:14","13:16:12","13:18:12","16:02:55","16:04:55","16:09:55","16:15:55"
"15-193","UAM0160","6인승","6","마곡","1","1","11:15:53","가산","2","1","13:33:54","11:17:42","11:18:42","13:18:12","13:20:12","13:33:54","13:35:54","13:40:54","13:46:54"
"15-194","UAM0364","6인승","6","마곡","1","3","11:18:21","망우","2","2","13:39:46","11:20:12","11:21:12","13:20:12","13:22:12","13:39:46","13:41:46","13:46:46","13:52:46"
"15-195","UAM0299","6인승","6","마곡","1","2","11:18:38","잠실","2","1","13:38:57","11:28:12","11:29:12","13:22:12","13:24:12","13:38:57","13:40:57","13:45:57","13:51:57"
"15-196","UAM0994","6인승","6","마곡","1","6","11:19:00","강남","2","4","14:20:49","11:18:00","11:19:00","13:24:12","13:26:12","14:20:49","14:22:49","14:27:49","14:33:49"
"15-197","UAM0995","6인승","6","마곡","1","7","11:19:22","여의도","2","1","13:39:04","11:18:22","11:19:22","13:26:12","13:28:12","13:39:04","13:41:04","13:46:04","13:52:04"
"15-198","UAM0358","6인승","6","마곡","1","4","11:25:44","연신내","2","2","13:39:56","11:32:12","11:33:12","13:28:12","13:30:12","13:39:56","13:41:56","13:46:56","13:52:56"
"15-199","UAM0599","6인승","6","마곡","1","1","11:27:15","강남","2","1","14:30:49","11:26:15","11:27:15","13:30:12","13:32:12","14:30:49","14:32:49","14:37:49","14:43:49"
"15-200","UAM0197","6인승","6","마곡","1","5","11:27:31","봉천","2","2","13:45:58","11:26:31","11:27:31","13:32:12","13:34:12","13:45:58","13:47:58","13:52:58","13:58:58"
"15-201","UAM1006","6인승","6","마곡","1","6","11:27:39","천호","2","4","14:20:27","11:26:39","11:27:39","13:34:12","13:36:12","14:20:27","14:22:27","14:27:27","14:33:27"
"15-202","UAM1007","6인승","6","마곡","1","7","11:27:40","목동","2","2","16:28:55","11:26:40","11:27:40","13:36:12","13:38:12","16:28:55","16:30:55","16:35:55","16:41:55"
"15-203","UAM0041","6인승","6","마곡","1","2","11:29:20","광화문","2","3","13:54:01","11:36:42","11:37:42","13:38:12","13:40:12","13:54:01","13:56:01","14:01:01","14:07:01"
"15-204","UAM1011","6인승","6","마곡","1","5","11:29:27","수서","2","1","13:58:43","11:28:27","11:29:27","13:40:12","13:42:12","13:58:43","14:00:43","14:05:43","14:11:43"
"15-205","UAM0650","6인승","6","마곡","1","3","11:34:26","성수","2","2","13:57:08","11:38:12","11:39:12","13:42:12","13:44:12","13:57:08","13:59:08","14:04:08","14:10:08"
"15-206","UAM0369","6인승","6","마곡","1","2","11:35:56","미아","2","2","13:59:56","11:38:12","11:39:12","13:44:12","13:46:12","13:59:56","14:01:56","14:06:56","14:12:56"
"15-207","UAM0213","6인승","6","마곡","1","1","11:39:05","여의도","2","2","13:59:04","11:44:12","11:45:12","13:46:12","13:48:12","13:59:04","14:01:04","14:06:04","14:12:04"
"15-208","UAM0001","6인승","6","마곡","1","4","11:39:49","강남","2","3","14:48:49","11:40:42","11:41:42","13:48:12","13:50:12","14:48:49","14:50:49","14:55:49","15:01:49"
"15-209","UAM0325","6인승","6","마곡","1","3","11:40:35","연신내","2","2","14:01:56","11:39:42","11:40:42","13:50:12","13:52:12","14:01:56","14:03:56","14:08:56","14:14:56"
"15-210","UAM0204","6인승","6","마곡","1","4","11:41:11","잠실","2","2","14:08:57","11:42:12","11:43:12","13:52:12","13:54:12","14:08:57","14:10:57","14:15:57","14:21:57"
"15-211","UAM0623","6인승","6","마곡","1","1","11:47:01","상암","2","1","14:07:47","11:52:42","11:53:42","13:54:12","13:56:12","14:07:47","14:09:47","14:14:47","14:20:47"
"15-212","UAM0670","6인승","6","마곡","1","2","11:47:10","가산","2","2","14:12:35","11:54:12","11:55:12","13:56:12","13:58:12","14:12:35","14:14:35","14:19:35","14:25:35"
"15-213","UAM0510","6인승","6","마곡","1","3","11:48:09","천호","2","1","14:55:23","11:48:12","11:49:12","13:58:12","14:00:12","14:55:23","14:57:23","15:02:23","15:08:23"
"15-214","UAM1044","6인승","6","마곡","1","5","11:49:06","목동","2","5","17:00:55","11:48:06","11:49:06","14:00:12","14:02:12","17:00:55","17:02:55","17:07:55","17:13:55"
"15-215","UAM0235","6인승","6","마곡","1","4","11:49:47","봉천","2","1","14:15:58","11:58:12","11:59:12","14:02:12","14:04:12","14:15:58","14:17:58","14:22:58","14:28:58"
"15-216","UAM1050","6인승","6","마곡","1","5","11:51:18","망우","2","2","14:22:52","11:50:18","11:51:18","14:04:12","14:06:12","14:22:52","14:24:52","14:29:52","14:35:52"
"15-217","UAM0314","6인승","6","마곡","1","1","11:52:58","강남","2","3","15:08:49","11:54:12","11:55:12","14:06:12","14:08:12","15:08:49","15:10:49","15:15:49","15:21:49"
"15-218","UAM1055","6인승","6","마곡","1","5","11:52:59","목동","2","2","17:14:55","11:51:59","11:52:59","14:08:12","14:10:12","17:14:55","17:16:55","17:21:55","17:27:55"
"15-219","UAM1059","6인승","6","마곡","1","6","11:53:39","광화문","2","1","14:24:54","11:52:39","11:53:39","14:10:12","14:12:12","14:24:54","14:26:54","14:31:54","14:37:54"
"15-220","UAM0431","6인승","6","마곡","1","2","11:57:16","천호","2","3","15:02:27","11:56:16","11:57:16","14:12:12","14:14:12","15:02:27","15:04:27","15:09:27","15:15:27"
"15-221","UAM0033","6인승","6","마곡","1","3","11:57:20","목동","2","2","17:24:55","11:56:42","11:57:42","14:14:12","14:16:12","17:24:55","17:26:55","17:31:55","17:37:55"
"15-222","UAM1065","6인승","6","마곡","1","1","11:57:23","여의도","2","1","14:29:04","11:56:23","11:57:23","14:16:12","14:18:12","14:29:04","14:31:04","14:36:04","14:42:04"
"15-223","UAM1067","6인승","6","마곡","1","6","11:57:33","수서","2","1","14:36:43","11:56:33","11:57:33","14:18:12","14:20:12","14:36:43","14:38:43","14:43:43","14:49:43"
"15-224","UAM0107","6인승","6","마곡","1","4","11:58:46","강남","2","3","15:16:49","11:59:42","12:00:42","14:20:12","14:22:12","15:16:49","15:18:49","15:23:49","15:29:49"
"15-225","UAM0078","6인승","6","마곡","1","5","12:02:40","성수","2","1","14:37:08","12:01:40","12:02:40","14:22:12","14:24:12","14:37:08","14:39:08","14:44:08","14:50:08"
"15-226","UAM0655","6인승","6","마곡","1","1","12:03:55","잠실","2","1","14:40:57","12:04:42","12:05:42","14:24:12","14:26:12","14:40:57","14:42:57","14:47:57","14:53:57"
"15-227","UAM1078","6인승","6","마곡","1","5","12:05:24","가산","2","2","14:41:54","12:04:24","12:05:24","14:26:12","14:28:12","14:41:54","14:43:54","14:48:54","14:54:54"
"15-228","UAM0704","6인승","6","마곡","1","2","12:09:53","여의도","2","1","14:41:04","12:16:12","12:17:12","14:28:12","14:30:12","14:41:04","14:43:04","14:48:04","14:54:04"
"15-229","UAM0668","6인승","6","마곡","1","1","12:15:28","목동","2","1","17:48:55","12:14:28","12:15:28","14:30:12","14:32:12","17:48:55","17:50:55","17:55:55","18:01:55"
"15-230","UAM0423","6인승","6","마곡","1","4","12:16:17","용산","2","2","14:44:43","12:20:12","12:21:12","14:32:12","14:34:12","14:44:43","14:46:43","14:51:43","14:57:43"
"15-231","UAM0223","6인승","6","마곡","1","3","12:17:40","사당","2","1","14:48:41","12:18:12","12:19:12","14:34:12","14:36:12","14:48:41","14:50:41","14:55:41","15:01:41"
"15-232","UAM0242","6인승","6","마곡","1","2","12:17:52","광화문","2","2","14:50:54","12:32:12","12:33:12","14:36:12","14:38:12","14:50:54","14:52:54","14:57:54","15:03:54"
"15-233","UAM0105","6인승","6","마곡","1","3","12:18:37","강남","2","1","15:48:49","12:19:42","12:20:42","14:38:12","14:40:12","15:48:49","15:50:49","15:55:49","16:01:49"
"15-234","UAM0361","6인승","6","마곡","1","4","12:19:49","천호","2","2","15:51:23","12:21:42","12:22:42","14:40:12","14:42:12","15:51:23","15:53:23","15:58:23","16:04:23"
"15-235","UAM1109","6인승","6","마곡","1","1","12:20:59","연신내","2","2","14:54:02","12:19:59","12:20:59","14:42:12","14:44:12","14:54:02","14:56:02","15:01:02","15:07:02"
"15-236","UAM1111","6인승","6","마곡","1","6","12:21:15","성수","2","2","15:02:15","12:20:15","12:21:15","14:44:12","14:46:12","15:02:15","15:04:15","15:09:15","15:15:15"
"15-237","UAM0723","6인승","6","마곡","1","5","12:21:56","봉천","2","2","14:59:58","12:22:12","12:23:12","14:46:12","14:48:12","14:59:58","15:01:58","15:06:58","15:12:58"
"15-238","UAM1114","6인승","6","마곡","1","3","12:22:49","잠실","2","1","15:04:57","12:21:49","12:22:49","14:48:12","14:50:12","15:04:57","15:06:57","15:11:57","15:17:57"
"15-239","UAM0731","6인승","6","마곡","1","2","12:25:35","미아","2","1","15:05:56","12:40:42","12:41:42","14:50:12","14:52:12","15:05:56","15:07:56","15:12:56","15:18:56"
"15-240","UAM0696","6인승","6","마곡","1","1","12:27:58","사당","2","2","15:06:41","12:28:12","12:29:12","14:52:12","14:54:12","15:06:41","15:08:41","15:13:41","15:19:41"
"15-241","UAM1123","6인승","6","마곡","1","5","12:28:40","수서","2","2","15:12:43","12:27:40","12:28:40","14:54:12","14:56:12","15:12:43","15:14:43","15:19:43","15:25:43"
"15-242","UAM1124","6인승","6","마곡","1","6","12:29:11","목동","2","4","18:16:55","12:28:11","12:29:11","14:56:12","14:58:12","18:16:55","18:18:55","18:23:55","18:29:55"
"15-243","UAM0089","6인승","6","마곡","1","3","12:31:10","상암","2","1","15:11:47","12:30:12","12:31:12","14:58:12","15:00:12","15:11:47","15:13:47","15:18:47","15:24:47"
"15-244","UAM0385","6인승","6","마곡","1","2","12:32:45","강남","2","2","16:02:49","12:42:12","12:43:12","15:00:12","15:02:12","16:02:49","16:04:49","16:09:49","16:15:49"
"15-245","UAM0755","6인승","6","마곡","1","4","12:33:45","가산","2","2","15:18:35","12:34:12","12:35:12","15:02:12","15:04:12","15:18:35","15:20:35","15:25:35","15:31:35"
"15-246","UAM0202","6인승","6","마곡","1","1","12:37:29","목동","2","3","18:30:55","12:36:42","12:37:42","15:04:12","15:06:12","18:30:55","18:32:55","18:37:55","18:43:55"
"15-247","UAM0758","6인승","6","마곡","1","3","12:41:18","여의도","2","1","15:19:04","12:46:12","12:47:12","15:06:12","15:08:12","15:19:04","15:21:04","15:26:04","15:32:04"
"15-248","UAM0765","6인승","6","마곡","1","4","12:42:04","망우","2","1","15:26:52","12:42:42","12:43:42","15:08:12","15:10:12","15:26:52","15:28:52","15:33:52","15:39:52"
"15-249","UAM0315","6인승","6","마곡","1","2","12:42:38","강남","2","4","16:20:49","12:43:42","12:44:42","15:10:12","15:12:12","16:20:49","16:22:49","16:27:49","16:33:49"
"15-250","UAM1143","6인승","6","마곡","1","1","12:43:14","광화문","2","2","15:26:54","12:42:14","12:43:14","15:12:12","15:14:12","15:26:54","15:28:54","15:33:54","15:39:54"
"15-251","UAM1144","6인승","6","마곡","1","6","12:43:21","성수","2","2","15:30:15","12:42:21","12:43:21","15:14:12","15:16:12","15:30:15","15:32:15","15:37:15","15:43:15"
"15-252","UAM0515","6인승","6","마곡","1","5","12:48:10","목동","2","2","18:54:55","12:47:10","12:48:10","15:16:12","15:18:12","18:54:55","18:56:55","19:01:55","19:07:55"
"15-253","UAM0443","6인승","6","마곡","1","3","12:50:04","천호","2","3","16:44:27","13:02:12","13:03:12","15:18:12","15:20:12","16:44:27","16:46:27","16:51:27","16:57:27"
"15-254","UAM0010","6인승","6","마곡","1","1","12:51:17","잠실","2","1","15:36:57","12:58:12","12:59:12","15:20:12","15:22:12","15:36:57","15:38:57","15:43:57","15:49:57"
"15-255","UAM1163","6인승","6","마곡","1","5","12:51:23","강남","2","5","16:30:49","12:50:23","12:51:23","15:22:12","15:24:12","16:30:49","16:32:49","16:37:49","16:43:49"
"15-256","UAM0781","6인승","6","마곡","1","3","12:56:07","수서","2","2","15:42:43","13:03:42","13:04:42","15:24:12","15:26:12","15:42:43","15:44:43","15:49:43","15:55:43"
"15-257","UAM0363","6인승","6","마곡","1","4","12:57:06","봉천","2","2","15:39:58","12:56:12","12:57:12","15:26:12","15:28:12","15:39:58","15:41:58","15:46:58","15:52:58"
"15-258","UAM0791","6인승","6","마곡","1","1","12:57:44","가산","2","2","15:46:35","12:59:42","13:00:42","15:28:12","15:30:12","15:46:35","15:48:35","15:53:35","15:59:35"
"15-259","UAM0164","6인승","6","마곡","1","2","13:01:26","사당","2","1","15:44:41","13:00:26","13:01:26","15:30:12","15:32:12","15:44:41","15:46:41","15:51:41","15:57:41"
"15-260","UAM0448","6인승","6","마곡","1","3","13:02:37","목동","2","5","19:16:55","13:05:12","13:06:12","15:32:12","15:34:12","19:16:55","19:18:55","19:23:55","19:29:55"
"15-261","UAM0217","6인승","6","마곡","1","2","13:03:18","잠실","2","2","15:50:57","13:16:12","13:17:12","15:34:12","15:36:12","15:50:57","15:52:57","15:57:57","16:03:57"
"15-262","UAM1190","6인승","6","마곡","1","1","13:03:33","강남","2","3","16:48:49","13:02:33","13:03:33","15:36:12","15:38:12","16:48:49","16:50:49","16:55:49","17:01:49"
"15-263","UAM1191","6인승","6","마곡","1","6","13:03:39","미아","2","2","15:53:56","13:02:39","13:03:39","15:38:12","15:40:12","15:53:56","15:55:56","16:00:56","16:06:56"
"15-264","UAM0282","6인승","6","마곡","1","4","13:04:30","상암","2","2","15:53:47","13:04:42","13:05:42","15:40:12","15:42:12","15:53:47","15:55:47","16:00:47","16:06:47"
"15-265","UAM0814","6인승","6","마곡","1","2","13:08:39","성수","2","1","15:57:08","13:32:12","13:33:12","15:42:12","15:44:12","15:57:08","15:59:08","16:04:08","16:10:08"
"15-266","UAM0556","6인승","6","마곡","1","5","13:13:13","연신내","2","1","15:55:56","13:12:13","13:13:13","15:44:12","15:46:12","15:55:56","15:57:56","16:02:56","16:08:56"
"15-267","UAM0759","6인승","6","마곡","1","1","13:13:26","여의도","2","2","16:01:40","13:12:26","13:13:26","15:46:12","15:48:12","16:01:40","16:03:40","16:08:40","16:14:40"
"15-268","UAM0229","6인승","6","마곡","1","3","13:15:17","수서","2","1","16:06:43","13:14:17","13:15:17","15:48:12","15:50:12","16:06:43","16:08:43","16:13:43","16:19:43"
"15-269","UAM0185","6인승","6","마곡","1","2","13:16:22","잠실","2","1","16:06:57","13:48:12","13:49:12","15:50:12","15:52:12","16:06:57","16:08:57","16:13:57","16:19:57"
"15-270","UAM1211","6인승","6","마곡","1","5","13:17:07","강남","2","3","17:20:49","13:16:07","13:17:07","15:52:12","15:54:12","17:20:49","17:22:49","17:27:49","17:33:49"
"15-271","UAM1212","6인승","6","마곡","1","6","13:17:25","목동","2","3","19:40:55","13:16:25","13:17:25","15:54:12","15:56:12","19:40:55","19:42:55","19:47:55","19:53:55"
"15-272","UAM0365","6인승","6","마곡","1","4","13:18:32","용산","2","1","16:08:43","13:18:12","13:19:12","15:56:12","15:58:12","16:08:43","16:10:43","16:15:43","16:21:43"
"15-273","UAM1214","6인승","6","마곡","1","5","13:19:09","천호","2","3","17:20:27","13:18:09","13:19:09","15:58:12","16:00:12","17:20:27","17:22:27","17:27:27","17:33:27"
"15-274","UAM0537","6인승","6","마곡","1","1","13:19:49","광화문","2","1","16:14:54","13:20:42","13:21:42","16:00:12","16:02:12","16:14:54","16:16:54","16:21:54","16:27:54"
"15-275","UAM0658","6인승","6","마곡","1","3","13:22:30","사당","2","1","16:16:41","13:22:42","13:23:42","16:02:12","16:04:12","16:16:41","16:18:41","16:23:41","16:29:41"
"15-276","UAM1219","6인승","6","마곡","1","5","13:22:33","가산","2","1","16:19:54","13:21:33","13:22:33","16:04:12","16:06:12","16:19:54","16:21:54","16:26:54","16:32:54"
"15-277","UAM1222","6인승","6","마곡","1","1","13:23:29","봉천","2","2","16:19:58","13:22:29","13:23:29","16:06:12","16:08:12","16:19:58","16:21:58","16:26:58","16:32:58"
"15-278","UAM0279","6인승","6","마곡","1","2","13:24:47","망우","2","1","16:26:52","14:04:12","14:05:12","16:08:12","16:10:12","16:26:52","16:28:52","16:33:52","16:39:52"
"15-279","UAM0834","6인승","6","마곡","1","4","13:26:11","강남","2","2","17:36:49","13:26:42","13:27:42","16:10:12","16:12:12","17:36:49","17:38:49","17:43:49","17:49:49"
"15-280","UAM1234","6인승","6","마곡","1","5","13:29:04","성수","2","2","16:27:08","13:28:04","13:29:04","16:12:12","16:14:12","16:27:08","16:29:08","16:34:08","16:40:08"
"15-281","UAM0487","6인승","6","마곡","1","1","13:31:10","천호","2","3","17:49:23","13:38:12","13:39:12","16:14:12","16:16:12","17:49:23","17:51:23","17:56:23","18:02:23"
"15-282","UAM0646","6인승","6","마곡","1","2","13:33:36","잠실","2","2","16:32:57","14:20:12","14:21:12","16:16:12","16:18:12","16:32:57","16:34:57","16:39:57","16:45:57"
"15-283","UAM1244","6인승","6","마곡","1","5","13:33:39","목동","2","2","20:02:55","13:32:39","13:33:39","16:18:12","16:20:12","20:02:55","20:04:55","20:09:55","20:15:55"
"15-284","UAM0447","6인승","6","마곡","1","3","13:34:28","여의도","2","1","16:33:04","13:34:12","13:35:12","16:20:12","16:22:12","16:33:04","16:35:04","16:40:04","16:46:04"
"15-285","UAM0596","6인승","6","마곡","1","4","13:36:22","상암","2","2","16:35:47","13:36:12","13:37:12","16:22:12","16:24:12","16:35:47","16:37:47","16:42:47","16:48:47"
"15-286","UAM0602","6인승","6","마곡","1","1","13:38:32","미아","2","1","16:39:56","13:54:12","13:55:12","16:24:12","16:26:12","16:39:56","16:41:56","16:46:56","16:52:56"
"15-287","UAM0296","6인승","6","마곡","1","2","13:40:19","수서","2","2","16:47:41","14:36:12","14:37:12","16:26:12","16:28:12","16:47:41","16:49:41","16:54:41","17:00:41"
"15-288","UAM1255","6인승","6","마곡","1","5","13:40:30","성수","2","1","16:43:08","13:39:30","13:40:30","16:28:12","16:30:12","16:43:08","16:45:08","16:50:08","16:56:08"
"15-289","UAM1257","6인승","6","마곡","1","6","13:41:10","광화문","2","2","16:44:54","13:40:10","13:41:10","16:30:12","16:32:12","16:44:54","16:46:54","16:51:54","16:57:54"
"15-290","UAM0721","6인승","6","마곡","1","3","13:42:35","가산","2","2","16:47:54","13:50:12","13:51:12","16:32:12","16:34:12","16:47:54","16:49:54","16:54:54","17:00:54"
"15-291","UAM1259","6인승","6","마곡","1","5","13:43:24","사당","2","1","16:48:41","13:42:24","13:43:24","16:34:12","16:36:12","16:48:41","16:50:41","16:55:41","17:01:41"
"15-292","UAM0651","6인승","6","마곡","1","4","13:44:41","용산","2","2","16:48:43","13:52:12","13:53:12","16:36:12","16:38:12","16:48:43","16:50:43","16:55:43","17:01:43"
"15-293","UAM1264","6인승","6","마곡","1","6","13:44:45","강남","2","1","18:06:49","13:43:45","13:44:45","16:38:12","16:40:12","18:06:49","18:08:49","18:13:49","18:19:49"
"15-294","UAM0736","6인승","6","마곡","1","1","13:47:36","목동","2","3","20:30:55","14:10:12","14:11:12","16:40:12","16:42:12","20:30:55","20:32:55","20:37:55","20:43:55"
"15-295","UAM0550","6인승","6","마곡","1","2","13:49:40","성수","2","1","16:57:08","14:52:12","14:53:12","16:42:12","16:44:12","16:57:08","16:59:08","17:04:08","17:10:08"
"15-296","UAM0481","6인승","6","마곡","1","3","13:49:45","천호","2","5","18:21:23","14:06:12","14:07:12","16:44:12","16:46:12","18:21:23","18:23:23","18:28:23","18:34:23"
"15-297","UAM0872","6인승","6","마곡","1","4","13:54:17","광화문","2","2","17:01:25","14:00:42","14:01:42","16:46:12","16:48:12","17:01:25","17:03:25","17:08:25","17:14:25"
"15-298","UAM0082","6인승","6","마곡","1","1","13:54:41","연신내","2","1","16:59:56","14:18:42","14:19:42","16:48:12","16:50:12","16:59:56","17:01:56","17:06:56","17:12:56"
"15-299","UAM1285","6인승","6","마곡","1","5","13:55:08","망우","2","2","17:11:46","13:54:08","13:55:08","16:50:12","16:52:12","17:11:46","17:13:46","17:18:46","17:24:46"
"15-300","UAM0064","6인승","6","마곡","1","2","13:56:06","강남","2","4","18:26:49","15:08:12","15:09:12","16:52:12","16:54:12","18:26:49","18:28:49","18:33:49","18:39:49"
"15-301","UAM0890","6인승","6","마곡","1","1","14:03:41","천호","2","2","18:34:27","14:20:12","14:21:12","16:54:12","16:56:12","18:34:27","18:36:27","18:41:27","18:47:27"
"15-302","UAM0283","6인승","6","마곡","1","4","14:03:57","사당","2","1","17:10:41","14:02:57","14:03:57","16:56:12","16:58:12","17:10:41","17:12:41","17:17:41","17:23:41"
"15-303","UAM0660","6인승","6","마곡","1","3","14:07:16","여의도","2","1","17:11:04","14:22:12","14:23:12","16:58:12","17:00:12","17:11:04","17:13:04","17:18:04","17:24:04"
"15-304","UAM0353","6인승","6","마곡","1","2","14:07:59","미아","2","1","17:15:56","15:09:42","15:10:42","17:00:12","17:02:12","17:15:56","17:17:56","17:22:56","17:28:56"
"15-305","UAM0038","6인승","6","마곡","1","3","14:09:23","광화문","2","2","17:19:25","14:23:42","14:24:42","17:02:12","17:04:12","17:19:25","17:21:25","17:26:25","17:32:25"
"15-306","UAM0830","6인승","6","마곡","1","1","14:09:59","수서","2","2","17:22:43","14:21:42","14:22:42","17:04:12","17:06:12","17:22:43","17:24:43","17:29:43","17:35:43"
"15-307","UAM1313","6인승","6","마곡","1","5","14:11:36","천호","2","3","18:45:23","14:10:36","14:11:36","17:06:12","17:08:12","18:45:23","18:47:23","18:52:23","18:58:23"
"15-308","UAM0073","6인승","6","마곡","1","2","14:11:53","강남","2","2","18:46:49","15:18:12","15:19:12","17:08:12","17:10:12","18:46:49","18:48:49","18:53:49","18:59:49"
"15-309","UAM0576","6인승","6","마곡","1","3","14:16:47","가산","2","1","17:25:54","14:25:12","14:26:12","17:10:12","17:12:12","17:25:54","17:27:54","17:32:54","17:38:54"
"15-310","UAM0785","6인승","6","마곡","1","1","14:18:12","성수","2","2","17:30:15","14:23:12","14:24:12","17:12:12","17:14:12","17:30:15","17:32:15","17:37:15","17:43:15"
"15-311","UAM0904","6인승","6","마곡","1","2","14:20:59","잠실","2","2","17:31:54","15:34:12","15:35:12","17:14:12","17:16:12","17:31:54","17:33:54","17:38:54","17:44:54"
"15-312","UAM0276","6인승","6","마곡","1","4","14:21:37","목동","2","4","21:26:55","14:24:12","14:25:12","17:16:12","17:18:12","21:26:55","21:28:55","21:33:55","21:39:55"
"15-313","UAM0910","6인승","6","마곡","1","3","14:27:35","목동","2","3","21:36:55","14:34:12","14:35:12","17:18:12","17:20:12","21:36:55","21:38:55","21:43:55","21:49:55"
"15-314","UAM0754","6인승","6","마곡","1","4","14:28:50","사당","2","1","17:34:41","14:27:50","14:28:50","17:20:12","17:22:12","17:34:41","17:36:41","17:41:41","17:47:41"
"15-315","UAM0289","6인승","6","마곡","1","5","14:30:30","강남","2","4","19:10:49","14:29:30","14:30:30","17:22:12","17:24:12","19:10:49","19:12:49","19:17:49","19:23:49"
"15-316","UAM0050","6인승","6","마곡","1","2","14:31:00","천호","2","2","19:15:23","15:42:42","15:43:42","17:24:12","17:26:12","19:15:23","19:17:23","19:22:23","19:28:23"
"15-317","UAM1355","6인승","6","마곡","1","4","14:31:19","상암","2","1","17:39:47","14:30:19","14:31:19","17:26:12","17:28:12","17:39:47","17:41:47","17:46:47","17:52:47"
"15-318","UAM1357","6인승","6","마곡","1","6","14:31:24","연신내","2","1","17:39:56","14:30:24","14:31:24","17:28:12","17:30:12","17:39:56","17:41:56","17:46:56","17:52:56"
"15-319","UAM0863","6인승","6","마곡","1","1","14:35:32","여의도","2","2","17:45:40","14:40:12","14:41:12","17:30:12","17:32:12","17:45:40","17:47:40","17:52:40","17:58:40"
"15-320","UAM0915","6인승","6","마곡","1","3","14:35:36","목동","2","3","22:00:55","14:50:12","14:51:12","17:32:12","17:34:12","22:00:55","22:02:55","22:07:55","22:13:55"
"15-321","UAM0666","6인승","6","마곡","1","2","14:36:35","광화문","2","2","17:48:54","15:44:12","15:45:12","17:34:12","17:36:12","17:48:54","17:50:54","17:55:54","18:01:54"
"15-322","UAM0918","6인승","6","마곡","1","4","14:38:14","용산","2","1","17:48:43","14:46:12","14:47:12","17:36:12","17:38:12","17:48:43","17:50:43","17:55:43","18:01:43"
"15-323","UAM1371","6인승","6","마곡","1","5","14:38:16","천호","2","5","19:21:23","14:37:16","14:38:16","17:38:12","17:40:12","19:21:23","19:23:23","19:28:23","19:34:23"
"15-324","UAM1372","6인승","6","마곡","1","6","14:38:29","봉천","2","1","17:53:58","14:37:29","14:38:29","17:40:12","17:42:12","17:53:58","17:55:58","18:00:58","18:06:58"
"15-325","UAM1373","6인승","6","마곡","1","7","14:38:33","미아","2","3","17:57:56","14:37:33","14:38:33","17:42:12","17:44:12","17:57:56","17:59:56","18:04:56","18:10:56"
"15-326","UAM1377","6인승","6","마곡","1","5","14:39:22","성수","2","2","17:59:08","14:38:46","14:39:46","17:44:12","17:46:12","17:59:08","18:01:08","18:06:08","18:12:08"
"15-327","UAM0562","6인승","6","마곡","1","1","14:40:51","강남","2","4","19:36:49","14:48:42","14:49:42","17:46:12","17:48:12","19:36:49","19:38:49","19:43:49","19:49:49"
"15-328","UAM0678","6인승","6","마곡","1","3","14:43:34","가산","2","1","18:03:54","14:51:42","14:52:42","17:48:12","17:50:12","18:03:54","18:05:54","18:10:54","18:16:54"
"15-329","UAM0925","6인승","6","마곡","1","2","14:43:50","망우","2","1","18:08:52","16:00:12","16:01:12","17:50:12","17:52:12","18:08:52","18:10:52","18:15:52","18:21:52"
"15-330","UAM1391","6인승","6","마곡","1","5","14:44:12","연신내","2","2","18:05:22","14:43:12","14:44:12","17:52:12","17:54:12","18:05:22","18:07:22","18:12:22","18:18:22"
"15-331","UAM1392","6인승","6","마곡","1","6","14:44:29","수서","2","1","18:12:43","14:43:29","14:44:29","17:54:12","17:56:12","18:12:43","18:14:43","18:19:43","18:25:43"
"15-332","UAM0715","6인승","6","마곡","1","4","14:51:49","광화문","2","3","18:13:25","14:54:42","14:55:42","17:56:12","17:58:12","18:13:25","18:15:25","18:20:25","18:26:25"
"15-333","UAM0671","6인승","6","마곡","1","2","14:52:44","사당","2","1","18:12:41","16:16:12","16:17:12","17:58:12","18:00:12","18:12:41","18:14:41","18:19:41","18:25:41"
"15-334","UAM0579","6인승","6","마곡","1","3","14:53:50","잠실","2","2","18:16:57","14:53:12","14:54:12","18:00:12","18:02:12","18:16:57","18:18:57","18:23:57","18:29:57"
"15-335","UAM0392","6인승","6","마곡","1","1","14:54:00","여의도","2","1","18:15:04","14:58:12","14:59:12","18:02:12","18:04:12","18:15:04","18:17:04","18:22:04","18:28:04"
"15-336","UAM0146","6인승","6","마곡","1","4","14:54:46","천호","2","4","19:39:23","14:56:12","14:57:12","18:04:12","18:06:12","19:39:23","19:41:23","19:46:23","19:52:23"
"15-337","UAM1410","6인승","6","마곡","1","5","14:55:21","봉천","2","2","18:22:37","14:54:21","14:55:21","18:06:12","18:08:12","18:22:37","18:24:37","18:29:37","18:35:37"
"15-338","UAM0892","6인승","6","마곡","1","1","14:58:49","미아","2","3","18:25:33","15:06:42","15:07:42","18:08:12","18:10:12","18:25:33","18:27:33","18:32:33","18:38:33"
"15-339","UAM0546","6인승","6","마곡","1","2","15:00:08","성수","2","2","18:28:15","16:32:12","16:33:12","18:10:12","18:12:12","18:28:15","18:30:15","18:35:15","18:41:15"
"15-340","UAM1423","6인승","6","마곡","1","5","15:00:35","목동","2","2","22:48:55","14:59:35","15:00:35","18:12:12","18:14:12","22:48:55","22:50:55","22:55:55","23:01:55"
"15-341","UAM1424","6인승","6","마곡","1","6","15:00:50","가산","2","1","18:29:54","14:59:50","15:00:50","18:14:12","18:16:12","18:29:54","18:31:54","18:36:54","18:42:54"
"15-342","UAM1426","6인승","6","마곡","1","7","15:00:57","상암","2","2","18:29:47","14:59:57","15:00:57","18:16:12","18:18:12","18:29:47","18:31:47","18:36:47","18:42:47"
"15-343","UAM1427","6인승","6","마곡","1","5","15:01:07","수서","2","2","18:36:43","15:01:05","15:02:05","18:18:12","18:20:12","18:36:43","18:38:43","18:43:43","18:49:43"
"15-344","UAM0815","6인승","6","마곡","1","4","15:03:53","망우","2","2","18:38:52","15:12:12","15:13:12","18:20:12","18:22:12","18:38:52","18:40:52","18:45:52","18:51:52"
"15-345","UAM0391","6인승","6","마곡","1","3","15:05:33","연신내","2","3","18:36:02","15:10:12","15:11:12","18:22:12","18:24:12","18:36:02","18:38:02","18:43:02","18:49:02"
"15-346","UAM0960","6인승","6","마곡","1","2","15:10:04","강남","2","3","20:06:49","16:33:42","16:34:42","18:24:12","18:26:12","20:06:49","20:08:49","20:13:49","20:19:49"
"15-347","UAM0309","6인승","6","마곡","1","1","15:10:06","봉천","2","2","18:39:58","15:16:12","15:17:12","18:26:12","18:28:12","18:39:58","18:41:58","18:46:58","18:52:58"
"15-348","UAM0161","6인승","6","마곡","1","3","15:12:41","사당","2","1","18:42:41","15:11:42","15:12:42","18:28:12","18:30:12","18:42:41","18:44:41","18:49:41","18:55:41"
"15-349","UAM0054","6인승","6","마곡","1","4","15:14:17","가산","2","1","18:45:54","15:13:42","15:14:42","18:30:12","18:32:12","18:45:54","18:47:54","18:52:54","18:58:54"
"15-350","UAM1450","6인승","6","마곡","1","5","15:14:51","천호","2","5","20:16:27","15:13:51","15:14:51","18:32:12","18:34:12","20:16:27","20:18:27","20:23:27","20:29:27"
"15-351","UAM0422","6인승","6","마곡","1","1","15:16:28","잠실","2","1","18:50:57","15:24:42","15:25:42","18:34:12","18:36:12","18:50:57","18:52:57","18:57:57","19:03:57"
"15-352","UAM1455","6인승","6","마곡","1","5","15:16:57","용산","2","1","18:48:43","15:15:57","15:16:57","18:36:12","18:38:12","18:48:43","18:50:43","18:55:43","19:01:43"
"15-353","UAM1457","6인승","6","마곡","1","6","15:17:20","강남","2","1","20:18:49","15:16:20","15:17:20","18:38:12","18:40:12","20:18:49","20:20:49","20:25:49","20:31:49"
"15-354","UAM0141","6인승","6","마곡","1","2","15:17:56","광화문","2","3","18:54:54","16:42:12","16:43:12","18:40:12","18:42:12","18:54:54","18:56:54","19:01:54","19:07:54"
"15-355","UAM0768","6인승","6","마곡","1","3","15:21:42","여의도","2","2","18:55:04","15:28:12","15:29:12","18:42:12","18:44:12","18:55:04","18:57:04","19:02:04","19:08:04"
"15-356","UAM0974","6인승","6","마곡","1","4","15:22:35","목동","2","3","23:40:55","15:22:12","15:23:12","18:44:12","18:46:12","23:40:55","23:42:55","23:47:55","23:53:55"
"15-357","UAM0826","6인승","6","마곡","1","1","15:24:53","강남","2","4","20:24:49","15:26:12","15:27:12","18:46:12","18:48:12","20:24:49","20:26:49","20:31:49","20:37:49"
"15-358","UAM0987","6인승","6","마곡","1","4","15:30:30","수서","2","2","19:06:43","15:30:42","15:31:42","18:48:12","18:50:12","19:06:43","19:08:43","19:13:43","19:19:43"
"15-359","UAM0990","6인승","6","마곡","1","5","15:32:00","성수","2","2","19:05:08","15:32:12","15:33:12","18:50:12","18:52:12","19:05:08","19:07:08","19:12:08","19:18:08"
"15-360","UAM0856","6인승","6","마곡","1","2","15:35:23","망우","2","2","19:11:58","16:58:12","16:59:12","18:52:12","18:54:12","19:11:58","19:13:58","19:18:58","19:24:58"
"15-361","UAM0341","6인승","6","마곡","1","2","15:36:13","상암","2","1","19:07:47","16:59:42","17:00:42","18:54:12","18:56:12","19:07:47","19:09:47","19:14:47","19:20:47"
"15-362","UAM0074","6인승","6","마곡","1","3","15:36:41","목동","2","3","00:08:55","15:40:12","15:41:12","18:56:12","18:58:12","00:08:55","00:10:55","00:15:55","00:21:55"
"15-363","UAM1494","6인승","6","마곡","1","4","15:37:10","천호","2","1","20:41:23","15:36:10","15:37:10","18:58:12","19:00:12","20:41:23","20:43:23","20:48:23","20:54:23"
"15-364","UAM0934","6인승","6","마곡","1","1","15:38:15","잠실","2","1","19:16:57","15:38:12","15:39:12","19:00:12","19:02:12","19:16:57","19:18:57","19:23:57","19:29:57"
"15-365","UAM1500","6인승","6","마곡","1","5","15:39:01","가산","2","1","19:17:54","15:38:01","15:39:01","19:02:12","19:04:12","19:17:54","19:19:54","19:24:54","19:30:54"
"15-366","UAM0595","6인승","6","마곡","1","3","15:43:12","강남","2","3","20:54:49","15:42:12","15:43:12","19:04:12","19:06:12","20:54:49","20:56:49","21:01:49","21:07:49"
"15-367","UAM0889","6인승","6","마곡","1","4","15:46:01","용산","2","1","19:18:43","15:45:01","15:46:01","19:06:12","19:08:12","19:18:43","19:20:43","19:25:43","19:31:43"
"15-368","UAM0636","6인승","6","마곡","1","5","15:48:05","미아","2","1","19:23:56","15:47:05","15:48:05","19:08:12","19:10:12","19:23:56","19:25:56","19:30:56","19:36:56"
"15-369","UAM0328","6인승","6","마곡","1","2","15:48:27","잠실","2","1","19:26:57","17:01:12","17:02:12","19:10:12","19:12:12","19:26:57","19:28:57","19:33:57","19:39:57"
"15-370","UAM1515","6인승","6","마곡","1","4","15:49:35","천호","2","4","20:57:23","15:48:35","15:49:35","19:12:12","19:14:12","20:57:23","20:59:23","21:04:23","21:10:23"
"15-371","UAM0944","6인승","6","마곡","1","1","15:51:02","연신내","2","1","19:25:56","15:50:12","15:51:12","19:14:12","19:16:12","19:25:56","19:27:56","19:32:56","19:38:56"
"15-372","UAM1520","6인승","6","마곡","1","5","15:51:37","가산","2","2","19:31:54","15:50:37","15:51:37","19:16:12","19:18:12","19:31:54","19:33:54","19:38:54","19:44:54"
"15-373","UAM0674","6인승","6","마곡","1","2","15:52:47","광화문","2","1","19:32:54","17:10:12","17:11:12","19:18:12","19:20:12","19:32:54","19:34:54","19:39:54","19:45:54"
"15-374","UAM0190","6인승","6","마곡","1","3","15:53:59","목동","2","3","00:34:55","15:54:12","15:55:12","19:20:12","19:22:12","00:34:55","00:36:55","00:41:55","00:47:55"
"15-375","UAM1522","6인승","6","마곡","1","5","15:54:12","성수","2","1","19:37:08","15:53:12","15:54:12","19:22:12","19:24:12","19:37:08","19:39:08","19:44:08","19:50:08"
"15-376","UAM1523","6인승","6","마곡","1","6","15:54:16","수서","2","1","19:42:43","15:53:16","15:54:16","19:24:12","19:26:12","19:42:43","19:44:43","19:49:43","19:55:43"
"15-377","UAM0440","6인승","6","마곡","1","4","15:56:52","사당","2","1","19:40:41","16:04:12","16:05:12","19:26:12","19:28:12","19:40:41","19:42:41","19:47:41","19:53:41"
"15-378","UAM0725","6인승","6","마곡","1","1","15:58:10","강남","2","3","21:12:49","16:06:12","16:07:12","19:28:12","19:30:12","21:12:49","21:14:49","21:19:49","21:25:49"
"15-379","UAM1530","6인승","6","마곡","1","5","15:58:23","천호","2","2","21:19:23","15:57:23","15:58:23","19:30:12","19:32:12","21:19:23","21:21:23","21:26:23","21:32:23"
"15-380","UAM1008","6인승","6","마곡","1","2","16:02:13","상암","2","1","19:45:47","17:26:12","17:27:12","19:32:12","19:34:12","19:45:47","19:47:47","19:52:47","19:58:47"
"15-381","UAM0352","6인승","6","마곡","1","3","16:03:25","성수","2","2","19:49:08","16:10:12","16:11:12","19:34:12","19:36:12","19:49:08","19:51:08","19:56:08","20:02:08"
"15-382","UAM1023","6인승","6","마곡","1","1","16:06:31","목동","2","3","00:58:55","16:14:42","16:15:42","19:36:12","19:38:12","00:58:55","01:00:55","01:05:55","01:11:55"
"15-383","UAM0401","6인승","6","마곡","1","4","16:08:35","강남","2","1","21:28:49","16:07:35","16:08:35","19:38:12","19:40:12","21:28:49","21:30:49","21:35:49","21:41:49"
"15-384","UAM0894","6인승","6","마곡","1","3","16:12:47","목동","2","3","01:10:55","16:18:42","16:19:42","19:40:12","19:42:12","01:10:55","01:12:55","01:17:55","01:23:55"
"15-385","UAM0968","6인승","6","마곡","1","1","16:13:57","봉천","2","1","19:55:58","16:16:12","16:17:12","19:42:12","19:44:12","19:55:58","19:57:58","20:02:58","20:08:58"
"15-386","UAM0168","6인승","6","마곡","1","2","16:15:57","잠실","2","2","20:03:54","17:27:42","17:28:42","19:44:12","19:46:12","20:03:54","20:05:54","20:10:54","20:16:54"
"15-387","UAM0258","6인승","6","마곡","1","2","16:16:13","망우","2","1","20:04:52","17:29:12","17:30:12","19:46:12","19:48:12","20:04:52","20:06:52","20:11:52","20:17:52"
"15-388","UAM1562","6인승","6","마곡","1","6","16:16:35","미아","2","3","20:03:56","16:15:35","16:16:35","19:48:12","19:50:12","20:03:56","20:05:56","20:10:56","20:16:56"
"15-389","UAM1563","6인승","6","마곡","1","7","16:16:37","수서","2","2","20:08:43","16:15:37","16:16:37","19:50:12","19:52:12","20:08:43","20:10:43","20:15:43","20:21:43"
"15-390","UAM0373","6인승","6","마곡","1","3","16:20:04","여의도","2","2","20:07:40","16:20:12","16:21:12","19:52:12","19:54:12","20:07:40","20:09:40","20:14:40","20:20:40"
"15-391","UAM0463","6인승","6","마곡","1","4","16:21:18","강남","2","2","21:38:49","16:20:18","16:21:18","19:54:12","19:56:12","21:38:49","21:40:49","21:45:49","21:51:49"
"15-392","UAM0174","6인승","6","마곡","1","5","16:21:48","천호","2","3","22:01:23","16:22:12","16:23:12","19:56:12","19:58:12","22:01:23","22:03:23","22:08:23","22:14:23"
"15-393","UAM1574","6인승","6","마곡","1","3","16:23:25","가산","2","1","20:13:54","16:22:25","16:23:25","19:58:12","20:00:12","20:13:54","20:15:54","20:20:54","20:26:54"
"15-394","UAM1040","6인승","6","마곡","1","2","16:24:55","상암","2","2","20:13:47","17:38:12","17:39:12","20:00:12","20:02:12","20:13:47","20:15:47","20:20:47","20:26:47"
"15-395","UAM1582","6인승","6","마곡","1","4","16:27:08","사당","2","2","20:16:41","16:26:08","16:27:08","20:02:12","20:04:12","20:16:41","20:18:41","20:23:41","20:29:41"
"15-396","UAM1583","6인승","6","마곡","1","5","16:27:13","잠실","2","2","20:23:54","16:26:13","16:27:13","20:04:12","20:06:12","20:23:54","20:25:54","20:30:54","20:36:54"
"15-397","UAM1584","6인승","6","마곡","1","6","16:27:27","망우","2","3","20:25:58","16:26:27","16:27:27","20:06:12","20:08:12","20:25:58","20:27:58","20:32:58","20:38:58"
"15-398","UAM0984","6인승","6","마곡","1","1","16:28:10","수서","2","2","20:27:41","16:28:12","16:29:12","20:08:12","20:10:12","20:27:41","20:29:41","20:34:41","20:40:41"
"15-399","UAM1590","6인승","6","마곡","1","7","16:28:41","목동","2","4","01:46:55","16:27:41","16:28:41","20:10:12","20:12:12","01:46:55","01:48:55","01:53:55","01:59:55"
"15-400","UAM1592","6인승","6","마곡","1","5","16:29:08","성수","2","2","20:28:15","16:28:08","16:29:08","20:12:12","20:14:12","20:28:15","20:30:15","20:35:15","20:41:15"
"15-401","UAM1595","6인승","6","마곡","1","6","16:29:41","강남","2","1","21:52:49","16:28:41","16:29:41","20:14:12","20:16:12","21:52:49","21:54:49","21:59:49","22:05:49"
"15-402","UAM0726","6인승","6","마곡","1","3","16:32:16","광화문","2","2","20:30:54","16:31:16","16:32:16","20:16:12","20:18:12","20:30:54","20:32:54","20:37:54","20:43:54"
"15-403","UAM1045","6인승","6","마곡","1","4","16:34:37","사당","2","1","20:32:41","16:34:12","16:35:12","20:18:12","20:20:12","20:32:41","20:34:41","20:39:41","20:45:41"
"15-404","UAM0665","6인승","6","마곡","1","2","16:35:27","여의도","2","2","20:33:40","17:54:12","17:55:12","20:20:12","20:22:12","20:33:40","20:35:40","20:40:40","20:46:40"
"15-405","UAM1062","6인승","6","마곡","1","5","16:36:02","수서","2","1","20:40:43","16:36:12","16:37:12","20:22:12","20:24:12","20:40:43","20:42:43","20:47:43","20:53:43"
"15-406","UAM1608","6인승","6","마곡","1","3","16:36:48","목동","2","1","02:04:55","16:35:48","16:36:48","20:24:12","20:26:12","02:04:55","02:06:55","02:11:55","02:17:55"
"15-407","UAM1614","6인승","6","마곡","1","4","16:39:20","잠실","2","1","20:42:57","16:38:20","16:39:20","20:26:12","20:28:12","20:42:57","20:44:57","20:49:57","20:55:57"
"15-408","UAM0136","6인승","6","마곡","1","1","16:40:00","봉천","2","3","20:44:57","16:40:12","16:41:12","20:28:12","20:30:12","20:44:57","20:46:57","20:51:57","20:57:57"
"15-409","UAM1063","6인승","6","마곡","1","2","16:42:09","성수","2","1","20:45:08","18:02:42","18:03:42","20:30:12","20:32:12","20:45:08","20:47:08","20:52:08","20:58:08"
"15-410","UAM1620","6인승","6","마곡","1","6","16:42:16","미아","2","3","20:47:56","16:41:16","16:42:16","20:32:12","20:34:12","20:47:56","20:49:56","20:54:56","21:00:56"
"15-411","UAM0011","6인승","6","마곡","1","3","16:44:31","광화문","2","2","20:48:54","16:44:12","16:45:12","20:34:12","20:36:12","20:48:54","20:50:54","20:55:54","21:01:54"
"15-412","UAM1624","6인승","6","마곡","1","1","16:45:12","사당","2","2","20:51:39","16:44:12","16:45:12","20:36:12","20:38:12","20:51:39","20:53:39","20:58:39","21:04:39"
"15-413","UAM0145","6인승","6","마곡","1","5","16:49:00","목동","2","4","02:26:55","16:48:12","16:49:12","20:38:12","20:40:12","02:26:55","02:28:55","02:33:55","02:39:55"
"15-414","UAM0771","6인승","6","마곡","1","2","16:50:40","망우","2","1","20:58:52","18:04:12","18:05:12","20:40:12","20:42:12","20:58:52","21:00:52","21:05:52","21:11:52"
"15-415","UAM0102","6인승","6","마곡","1","4","16:52:03","강남","2","2","22:18:49","16:51:03","16:52:03","20:42:12","20:44:12","22:18:49","22:20:49","22:25:49","22:31:49"
"15-416","UAM1639","6인승","6","마곡","1","5","16:52:37","잠실","2","1","21:00:57","16:51:37","16:52:37","20:44:12","20:46:12","21:00:57","21:02:57","21:07:57","21:13:57"
"15-417","UAM1643","6인승","6","마곡","1","6","16:53:27","천호","2","4","22:41:23","16:52:27","16:53:27","20:46:12","20:48:12","22:41:23","22:43:23","22:48:23","22:54:23"
"15-418","UAM1644","6인승","6","마곡","1","7","16:53:31","연신내","2","3","21:01:22","16:52:31","16:53:31","20:48:12","20:50:12","21:01:22","21:03:22","21:08:22","21:14:22"
"15-419","UAM0527","6인승","6","마곡","1","3","16:56:50","수서","2","2","21:08:43","16:56:12","16:57:12","20:50:12","20:52:12","21:08:43","21:10:43","21:15:43","21:21:43"
"15-420","UAM0261","6인승","6","마곡","1","1","16:57:51","용산","2","1","21:04:43","16:56:51","16:57:51","20:52:12","20:54:12","21:04:43","21:06:43","21:11:43","21:17:43"
"15-421","UAM0067","6인승","6","마곡","1","2","16:58:42","광화문","2","2","21:08:54","18:20:12","18:21:12","20:54:12","20:56:12","21:08:54","21:10:54","21:15:54","21:21:54"
"15-422","UAM0743","6인승","6","마곡","1","5","17:01:56","강남","2","3","22:34:49","17:02:12","17:03:12","20:56:12","20:58:12","22:34:49","22:36:49","22:41:49","22:47:49"
"15-423","UAM0456","6인승","6","마곡","1","4","17:02:40","가산","2","1","21:13:54","17:01:40","17:02:40","20:58:12","21:00:12","21:13:54","21:15:54","21:20:54","21:26:54"
"15-424","UAM1657","6인승","6","마곡","1","6","17:03:05","목동","2","4","02:42:55","17:02:05","17:03:05","21:00:12","21:02:12","02:42:55","02:44:55","02:49:55","02:55:55"
"15-425","UAM1083","6인승","6","마곡","1","3","17:05:12","봉천","2","1","21:15:58","17:12:12","17:13:12","21:02:12","21:04:12","21:15:58","21:17:58","21:22:58","21:28:58"
"15-426","UAM1666","6인승","6","마곡","1","4","17:05:49","성수","2","2","21:20:15","17:04:49","17:05:49","21:04:12","21:06:12","21:20:15","21:22:15","21:27:15","21:33:15"
"15-427","UAM1669","6인승","6","마곡","1","5","17:06:28","잠실","2","2","21:25:54","17:05:28","17:06:28","21:06:12","21:08:12","21:25:54","21:27:54","21:32:54","21:38:54"
"15-428","UAM1671","6인승","6","마곡","1","4","17:07:29","천호","2","6","23:03:23","17:06:29","17:07:29","21:08:12","21:10:12","23:03:23","23:05:23","23:10:23","23:16:23"
"15-429","UAM1033","6인승","6","마곡","1","1","17:07:46","수서","2","1","21:28:43","17:08:12","17:09:12","21:10:12","21:12:12","21:28:43","21:30:43","21:35:43","21:41:43"
"15-430","UAM1092","6인승","6","마곡","1","3","17:11:56","강남","2","4","22:44:49","17:28:12","17:29:12","21:12:12","21:14:12","22:44:49","22:46:49","22:51:49","22:57:49"
"15-431","UAM0662","6인승","6","마곡","1","2","17:12:53","상암","2","1","21:27:47","18:36:12","18:37:12","21:14:12","21:16:12","21:27:47","21:29:47","21:34:47","21:40:47"
"15-432","UAM1675","6인승","6","마곡","1","5","17:12:58","망우","2","2","21:37:46","17:11:58","17:12:58","21:16:12","21:18:12","21:37:46","21:39:46","21:44:46","21:50:46"
"15-433","UAM0560","6인승","6","마곡","1","4","17:13:57","목동","2","2","03:02:55","17:14:42","17:15:42","21:18:12","21:20:12","03:02:55","03:04:55","03:09:55","03:15:55"
"15-434","UAM0776","6인승","6","마곡","1","1","17:15:50","성수","2","2","21:35:08","17:24:12","17:25:12","21:20:12","21:22:12","21:35:08","21:37:08","21:42:08","21:48:08"
"15-435","UAM0083","6인승","6","마곡","1","2","17:18:17","여의도","2","1","21:35:04","18:52:12","18:53:12","21:22:12","21:24:12","21:35:04","21:37:04","21:42:04","21:48:04"
"15-436","UAM0816","6인승","6","마곡","1","3","17:20:54","천호","2","5","23:35:23","17:29:42","17:30:42","21:24:12","21:26:12","23:35:23","23:37:23","23:42:23","23:48:23"
"15-437","UAM1705","6인승","6","마곡","1","4","17:21:38","사당","2","1","21:40:41","17:20:38","17:21:38","21:26:12","21:28:12","21:40:41","21:42:41","21:47:41","21:53:41"
"15-438","UAM1042","6인승","6","마곡","1","1","17:24:04","광화문","2","1","21:42:54","17:25:42","17:26:42","21:28:12","21:30:12","21:42:54","21:44:54","21:49:54","21:55:54"
"15-439","UAM1105","6인승","6","마곡","1","2","17:25:44","강남","2","1","23:06:49","18:53:42","18:54:42","21:30:12","21:32:12","23:06:49","23:08:49","23:13:49","23:19:49"
"15-440","UAM1716","6인승","6","마곡","1","6","17:26:25","수서","2","1","21:50:43","17:25:25","17:26:25","21:32:12","21:34:12","21:50:43","21:52:43","21:57:43","22:03:43"
"15-441","UAM1717","6인승","6","마곡","1","7","17:26:41","성수","2","1","21:49:08","17:25:41","17:26:41","21:34:12","21:36:12","21:49:08","21:51:08","21:56:08","22:02:08"
"15-442","UAM0716","6인승","6","마곡","1","4","17:32:10","잠실","2","2","21:53:54","17:31:10","17:32:10","21:36:12","21:38:12","21:53:54","21:55:54","22:00:54","22:06:54"
"15-443","UAM0095","6인승","6","마곡","1","3","17:32:36","연신내","2","1","21:49:56","17:31:36","17:32:36","21:38:12","21:40:12","21:49:56","21:51:56","21:56:56","22:02:56"
"15-444","UAM0156","6인승","6","마곡","1","5","17:33:50","가산","2","2","21:55:54","17:32:50","17:33:50","21:40:12","21:42:12","21:55:54","21:57:54","22:02:54","22:08:54"
"15-445","UAM1057","6인승","6","마곡","1","1","17:35:59","봉천","2","1","21:55:58","17:36:12","17:37:12","21:42:12","21:44:12","21:55:58","21:57:58","22:02:58","22:08:58"
"15-446","UAM1743","6인승","6","마곡","1","5","17:36:18","천호","2","3","00:10:27","17:35:18","17:36:18","21:44:12","21:46:12","00:10:27","00:12:27","00:17:27","00:23:27"
"15-447","UAM0308","6인승","6","마곡","1","2","17:39:56","사당","2","2","22:01:39","18:55:12","18:56:12","21:46:12","21:48:12","22:01:39","22:03:39","22:08:39","22:14:39"
"15-448","UAM0104","6인승","6","마곡","1","3","17:40:15","여의도","2","1","22:01:04","17:40:12","17:41:12","21:48:12","21:50:12","22:01:04","22:03:04","22:08:04","22:14:04"
"15-449","UAM1753","6인승","6","마곡","1","5","17:40:37","성수","2","1","22:05:08","17:39:37","17:40:37","21:50:12","21:52:12","22:05:08","22:07:08","22:12:08","22:18:08"
"15-450","UAM1756","6인승","6","마곡","1","6","17:41:12","미아","2","2","22:07:56","17:40:12","17:41:12","21:52:12","21:54:12","22:07:56","22:09:56","22:14:56","22:20:56"
"15-451","UAM1757","6인승","6","마곡","1","7","17:41:33","목동","2","4","03:46:55","17:40:33","17:41:33","21:54:12","21:56:12","03:46:55","03:48:55","03:53:55","03:59:55"
"15-452","UAM0404","6인승","6","마곡","1","1","17:44:56","강남","2","5","23:38:49","17:52:12","17:53:12","21:56:12","21:58:12","23:38:49","23:40:49","23:45:49","23:51:49"
"15-453","UAM1132","6인승","6","마곡","1","2","17:48:09","망우","2","1","22:16:52","19:04:12","19:05:12","21:58:12","22:00:12","22:16:52","22:18:52","22:23:52","22:29:52"
"15-454","UAM0917","6인승","6","마곡","1","3","17:49:31","천호","2","5","00:35:23","17:56:12","17:57:12","22:00:12","22:02:12","00:35:23","00:37:23","00:42:23","00:48:23"
"15-455","UAM0554","6인승","6","마곡","1","4","17:49:43","용산","2","1","22:14:43","17:48:43","17:49:43","22:02:12","22:04:12","22:14:43","22:16:43","22:21:43","22:27:43"
"15-456","UAM1771","6인승","6","마곡","1","5","17:49:46","수서","2","1","22:22:43","17:48:46","17:49:46","22:04:12","22:06:12","22:22:43","22:24:43","22:29:43","22:35:43"
"15-457","UAM1074","6인승","6","마곡","1","1","17:53:22","목동","2","1","04:12:55","18:08:12","18:09:12","22:06:12","22:08:12","04:12:55","04:14:55","04:19:55","04:25:55"
"15-458","UAM1777","6인승","6","마곡","1","5","17:53:35","가산","2","1","22:23:54","17:52:35","17:53:35","22:08:12","22:10:12","22:23:54","22:25:54","22:30:54","22:36:54"
"15-459","UAM0806","6인승","6","마곡","1","2","17:54:18","연신내","2","2","22:21:56","19:20:12","19:21:12","22:10:12","22:12:12","22:21:56","22:23:56","22:28:56","22:34:56"
"15-460","UAM1783","6인승","6","마곡","1","5","17:55:15","강남","2","2","23:56:49","17:54:15","17:55:15","22:12:12","22:14:12","23:56:49","23:58:49","00:03:49","00:09:49"
"15-461","UAM0304","6인승","6","마곡","1","3","17:57:11","잠실","2","2","22:30:57","18:04:42","18:05:42","22:14:12","22:16:12","22:30:57","22:32:57","22:37:57","22:43:57"
"15-462","UAM1788","6인승","6","마곡","1","5","17:57:40","성수","2","2","22:34:15","17:56:40","17:57:40","22:16:12","22:18:12","22:34:15","22:36:15","22:41:15","22:47:15"
"15-463","UAM0798","6인승","6","마곡","1","4","17:58:14","여의도","2","1","22:31:04","17:58:12","17:59:12","22:18:12","22:20:12","22:31:04","22:33:04","22:38:04","22:44:04"
"15-464","UAM0086","6인승","6","마곡","1","1","18:00:51","망우","2","3","22:38:52","18:24:12","18:25:12","22:20:12","22:22:12","22:38:52","22:40:52","22:45:52","22:51:52"
"15-465","UAM0292","6인승","6","마곡","1","2","18:02:38","가산","2","2","22:37:54","19:28:42","19:29:42","22:22:12","22:24:12","22:37:54","22:39:54","22:44:54","22:50:54"
"15-466","UAM0066","6인승","6","마곡","1","3","18:04:04","미아","2","1","22:39:56","18:06:12","18:07:12","22:24:12","22:26:12","22:39:56","22:41:56","22:46:56","22:52:56"
"15-467","UAM1800","6인승","6","마곡","1","4","18:06:07","상암","2","1","22:39:47","18:05:07","18:06:07","22:26:12","22:28:12","22:39:47","22:41:47","22:46:47","22:52:47"
"15-468","UAM1802","6인승","6","마곡","1","5","18:06:33","봉천","2","3","22:41:58","18:05:33","18:06:33","22:28:12","22:30:12","22:41:58","22:43:58","22:48:58","22:54:58"
"15-469","UAM1089","6인승","6","마곡","1","1","18:08:46","천호","2","2","01:16:27","18:25:42","18:26:42","22:30:12","22:32:12","01:16:27","01:18:27","01:23:27","01:29:27"
"15-470","UAM1811","6인승","6","마곡","1","4","18:10:39","잠실","2","1","22:48:57","18:09:39","18:10:39","22:32:12","22:34:12","22:48:57","22:50:57","22:55:57","23:01:57"
"15-471","UAM1812","6인승","6","마곡","1","5","18:11:16","수서","2","2","22:52:43","18:10:16","18:11:16","22:34:12","22:36:12","22:52:43","22:54:43","22:59:43","23:05:43"
"15-472","UAM0245","6인승","6","마곡","1","2","18:11:57","광화문","2","2","22:51:25","19:30:12","19:31:12","22:36:12","22:38:12","22:51:25","22:53:25","22:58:25","23:04:25"
"15-473","UAM1817","6인승","6","마곡","1","5","18:13:34","목동","2","2","04:48:55","18:12:34","18:13:34","22:38:12","22:40:12","04:48:55","04:50:55","04:55:55","05:01:55"
"15-474","UAM0583","6인승","6","마곡","1","3","18:14:46","가산","2","2","22:58:35","18:22:12","18:23:12","22:40:12","22:42:12","22:58:35","23:00:35","23:05:35","23:11:35"
"15-475","UAM1014","6인승","6","마곡","1","1","18:16:16","강남","2","4","00:24:49","18:34:12","18:35:12","22:42:12","22:44:12","00:24:49","00:26:49","00:31:49","00:37:49"
"15-476","UAM0427","6인승","6","마곡","1","4","18:18:49","천호","2","1","01:27:23","18:18:12","18:19:12","22:44:12","22:46:12","01:27:23","01:29:23","01:34:23","01:40:23"
"15-477","UAM1171","6인승","6","마곡","1","3","18:21:43","여의도","2","1","22:59:04","18:38:12","18:39:12","22:46:12","22:48:12","22:59:04","23:01:04","23:06:04","23:12:04"
"15-478","UAM1017","6인승","6","마곡","1","1","18:24:51","목동","2","4","05:06:55","18:50:12","18:51:12","22:48:12","22:50:12","05:06:55","05:08:55","05:13:55","05:19:55"
"15-479","UAM1175","6인승","6","마곡","1","4","18:26:07","성수","2","2","23:05:08","18:26:42","18:27:42","22:50:12","22:52:12","23:05:08","23:07:08","23:12:08","23:18:08"
"15-480","UAM0098","6인승","6","마곡","1","2","18:27:39","사당","2","2","23:06:41","19:38:42","19:39:42","22:52:12","22:54:12","23:06:41","23:08:41","23:13:41","23:19:41"
"15-481","UAM0437","6인승","6","마곡","1","2","18:28:07","강남","2","1","00:42:49","19:40:12","19:41:12","22:54:12","22:56:12","00:42:49","00:44:49","00:49:49","00:55:49"
"15-482","UAM1851","6인승","6","마곡","1","4","18:29:23","천호","2","3","01:37:23","18:28:23","18:29:23","22:56:12","22:58:12","01:37:23","01:39:23","01:44:23","01:50:23"
"15-483","UAM1178","6인승","6","마곡","1","3","18:30:28","연신내","2","2","23:09:56","18:54:12","18:55:12","22:58:12","23:00:12","23:09:56","23:11:56","23:16:56","23:22:56"
"15-484","UAM1854","6인승","6","마곡","1","5","18:30:31","광화문","2","1","23:14:54","18:29:31","18:30:31","23:00:12","23:02:12","23:14:54","23:16:54","23:21:54","23:27:54"
"15-485","UAM1857","6인승","6","마곡","1","4","18:31:05","수서","2","1","23:20:43","18:30:05","18:31:05","23:02:12","23:04:12","23:20:43","23:22:43","23:27:43","23:33:43"
"15-486","UAM1860","6인승","6","마곡","1","5","18:32:16","망우","2","2","23:25:46","18:31:16","18:32:16","23:04:12","23:06:12","23:25:46","23:27:46","23:32:46","23:38:46"
"15-487","UAM0643","6인승","6","마곡","1","1","18:33:49","가산","2","2","23:21:54","18:58:42","18:59:42","23:06:12","23:08:12","23:21:54","23:23:54","23:28:54","23:34:54"
"15-488","UAM1179","6인승","6","마곡","1","2","18:37:15","잠실","2","2","23:27:54","19:41:42","19:42:42","23:08:12","23:10:12","23:27:54","23:29:54","23:34:54","23:40:54"
"15-489","UAM0496","6인승","6","마곡","1","4","18:40:07","상암","2","1","23:23:47","18:40:12","18:41:12","23:10:12","23:12:12","23:23:47","23:25:47","23:30:47","23:36:47"
"15-490","UAM0248","6인승","6","마곡","1","3","18:40:35","천호","2","4","02:04:27","18:55:42","18:56:42","23:12:12","23:14:12","02:04:27","02:06:27","02:11:27","02:17:27"
"15-491","UAM0873","6인승","6","마곡","1","2","18:44:06","성수","2","2","23:29:08","19:50:12","19:51:12","23:14:12","23:16:12","23:29:08","23:31:08","23:36:08","23:42:08"
"15-492","UAM0045","6인승","6","마곡","1","1","18:45:05","미아","2","2","23:35:33","19:00:12","19:01:12","23:16:12","23:18:12","23:35:33","23:37:33","23:42:33","23:48:33"
"15-493","UAM1104","6인승","6","마곡","1","3","18:46:16","광화문","2","1","23:32:54","18:57:12","18:58:12","23:18:12","23:20:12","23:32:54","23:34:54","23:39:54","23:45:54"
"15-494","UAM1886","6인승","6","마곡","1","5","18:47:04","천호","2","3","02:10:27","18:46:04","18:47:04","23:20:12","23:22:12","02:10:27","02:12:27","02:17:27","02:23:27"
"15-495","UAM1204","6인승","6","마곡","1","4","18:50:03","강남","2","2","01:10:49","18:49:03","18:50:03","23:22:12","23:24:12","01:10:49","01:12:49","01:17:49","01:23:49"
"15-496","UAM1205","6인승","6","마곡","1","1","18:51:29","가산","2","2","23:39:54","19:01:42","19:02:42","23:24:12","23:26:12","23:39:54","23:41:54","23:46:54","23:52:54"
"15-497","UAM1894","6인승","6","마곡","1","5","18:51:32","목동","2","5","05:52:55","18:50:32","18:51:32","23:26:12","23:28:12","05:52:55","05:54:55","05:59:55","06:05:55"
"15-498","UAM1210","6인승","6","마곡","1","2","18:53:54","여의도","2","1","23:41:04","20:06:12","20:07:12","23:28:12","23:30:12","23:41:04","23:43:04","23:48:04","23:54:04"
"15-499","UAM0849","6인승","6","마곡","1","3","18:54:12","수서","2","1","23:48:43","19:06:12","19:07:12","23:30:12","23:32:12","23:48:43","23:50:43","23:55:43","00:01:43"
"15-500","UAM1900","6인승","6","마곡","1","5","18:55:41","봉천","2","2","23:45:58","18:54:41","18:55:41","23:32:12","23:34:12","23:45:58","23:47:58","23:52:58","23:58:58"
"15-501","UAM1136","6인승","6","마곡","1","1","18:58:56","망우","2","2","23:55:46","19:10:12","19:11:12","23:34:12","23:36:12","23:55:46","23:57:46","00:02:46","00:08:46"
"15-502","UAM1906","6인승","6","마곡","1","5","18:59:18","천호","2","2","02:37:23","18:58:18","18:59:18","23:36:12","23:38:12","02:37:23","02:39:23","02:44:23","02:50:23"
"15-503","UAM1215","6인승","6","마곡","1","4","18:59:47","목동","2","3","06:08:55","19:00:12","19:01:12","23:38:12","23:40:12","06:08:55","06:10:55","06:15:55","06:21:55"
"15-504","UAM0476","6인승","6","마곡","1","2","19:04:14","수서","2","2","00:01:41","20:22:12","20:23:12","23:40:12","23:42:12","00:01:41","00:03:41","00:08:41","00:14:41"
"15-505","UAM1916","6인승","6","마곡","1","4","19:05:40","강남","2","3","01:40:49","19:04:40","19:05:40","23:42:12","23:44:12","01:40:49","01:42:49","01:47:49","01:53:49"
"15-506","UAM0187","6인승","6","마곡","1","3","19:06:04","연신내","2","1","23:55:56","19:22:12","19:23:12","23:44:12","23:46:12","23:55:56","23:57:56","00:02:56","00:08:56"
"15-507","UAM1923","6인승","6","마곡","1","4","19:07:56","목동","2","2","06:24:55","19:06:56","19:07:56","23:46:12","23:48:12","06:24:55","06:26:55","06:31:55","06:37:55"
"15-508","UAM1924","6인승","6","마곡","1","5","19:08:36","가산","2","1","00:03:54","19:07:36","19:08:36","23:48:12","23:50:12","00:03:54","00:05:54","00:10:54","00:16:54"
"15-509","UAM0239","6인승","6","마곡","1","1","19:10:07","여의도","2","1","00:03:04","19:26:12","19:27:12","23:50:12","23:52:12","00:03:04","00:05:04","00:10:04","00:16:04"
"15-510","UAM0529","6인승","6","마곡","1","2","19:13:48","미아","2","2","00:11:33","20:38:12","20:39:12","23:52:12","23:54:12","00:11:33","00:13:33","00:18:33","00:24:33"
"15-511","UAM0128","6인승","6","마곡","1","3","19:14:44","광화문","2","1","00:08:54","19:30:42","19:31:42","23:54:12","23:56:12","00:08:54","00:10:54","00:15:54","00:21:54"
"15-512","UAM0921","6인승","6","마곡","1","4","19:17:35","성수","2","2","00:11:08","19:16:35","19:17:35","23:56:12","23:58:12","00:11:08","00:13:08","00:18:08","00:24:08"
"15-513","UAM0354","6인승","6","마곡","1","2","19:20:25","사당","2","2","00:13:39","20:39:42","20:40:42","23:58:12","00:00:12","00:13:39","00:15:39","00:20:39","00:26:39"
"15-514","UAM0087","6인승","6","마곡","1","1","19:20:31","수서","2","1","00:18:43","19:27:42","19:28:42","00:00:12","00:02:12","00:18:43","00:20:43","00:25:43","00:31:43"
"15-515","UAM0511","6인승","6","마곡","1","3","19:23:25","강남","2","3","01:58:49","19:32:12","19:33:12","00:02:12","00:04:12","01:58:49","02:00:49","02:05:49","02:11:49"
"15-516","UAM1947","6인승","6","마곡","1","5","19:23:31","봉천","2","2","00:17:58","19:22:31","19:23:31","00:04:12","00:06:12","00:17:58","00:19:58","00:24:58","00:30:58"
"15-517","UAM1948","6인승","6","마곡","1","6","19:23:34","용산","2","1","00:18:43","19:22:34","19:23:34","00:06:12","00:08:12","00:18:43","00:20:43","00:25:43","00:31:43"
"15-518","UAM1003","6인승","6","마곡","1","4","19:25:17","망우","2","2","00:27:46","19:32:12","19:33:12","00:08:12","00:10:12","00:27:46","00:29:46","00:34:46","00:40:46"
"15-519","UAM0061","6인승","6","마곡","1","1","19:28:14","가산","2","1","00:25:54","19:36:12","19:37:12","00:10:12","00:12:12","00:25:54","00:27:54","00:32:54","00:38:54"
"15-520","UAM0340","6인승","6","마곡","1","3","19:30:26","목동","2","1","06:54:55","19:40:42","19:41:42","00:12:12","00:14:12","06:54:55","06:56:55","07:01:55","07:07:55"
"15-521","UAM0259","6인승","6","마곡","1","2","19:31:02","미아","2","3","00:33:33","20:48:12","20:49:12","00:14:12","00:16:12","00:33:33","00:35:33","00:40:33","00:46:33"
"15-522","UAM1246","6인승","6","마곡","1","4","19:33:12","성수","2","2","00:31:08","19:33:42","19:34:42","00:16:12","00:18:12","00:31:08","00:33:08","00:38:08","00:44:08"
"15-523","UAM1965","6인승","6","마곡","1","5","19:33:17","천호","2","1","03:28:27","19:32:17","19:33:17","00:18:12","00:20:12","03:28:27","03:30:27","03:35:27","03:41:27"
"15-524","UAM1182","6인승","6","마곡","1","1","19:39:12","광화문","2","2","00:34:54","19:38:12","19:39:12","00:20:12","00:22:12","00:34:54","00:36:54","00:41:54","00:47:54"
"15-525","UAM0858","6인승","6","마곡","1","3","19:40:33","가산","2","2","00:40:35","19:42:12","19:43:12","00:22:12","00:24:12","00:40:35","00:42:35","00:47:35","00:53:35"
"15-526","UAM0284","6인승","6","마곡","1","2","19:40:58","상암","2","1","00:37:47","21:04:12","21:05:12","00:24:12","00:26:12","00:37:47","00:39:47","00:44:47","00:50:47"
"15-527","UAM1252","6인승","6","마곡","1","4","19:41:44","강남","2","2","02:20:49","19:42:12","19:43:12","00:26:12","00:28:12","02:20:49","02:22:49","02:27:49","02:33:49"
"15-528","UAM1983","6인승","6","마곡","1","5","19:43:48","연신내","2","1","00:39:56","19:42:48","19:43:48","00:28:12","00:30:12","00:39:56","00:41:56","00:46:56","00:52:56"
"15-529","UAM1985","6인승","6","마곡","1","6","19:44:05","사당","2","1","00:44:41","19:43:05","19:44:05","00:30:12","00:32:12","00:44:41","00:46:41","00:51:41","00:57:41"
"15-530","UAM1194","6인승","6","마곡","1","1","19:48:22","목동","2","3","07:22:55","19:54:12","19:55:12","00:32:12","00:34:12","07:22:55","07:24:55","07:29:55","07:35:55"
"15-531","UAM1992","6인승","6","마곡","1","4","19:48:45","성수","2","1","00:49:08","19:47:45","19:48:45","00:34:12","00:36:12","00:49:08","00:51:08","00:56:08","01:02:08"
"15-532","UAM0682","6인승","6","마곡","1","2","19:51:22","망우","2","2","00:54:52","21:05:42","21:06:42","00:36:12","00:38:12","00:54:52","00:56:52","01:01:52","01:07:52"
"15-533","UAM1256","6인승","6","마곡","1","3","19:52:07","여의도","2","1","00:51:04","19:52:12","19:53:12","00:38:12","00:40:12","00:51:04","00:53:04","00:58:04","01:04:04"
"15-534","UAM0374","6인승","6","마곡","1","1","19:53:48","미아","2","1","00:55:56","20:10:12","20:11:12","00:40:12","00:42:12","00:55:56","00:57:56","01:02:56","01:08:56"
"15-535","UAM2000","6인승","6","마곡","1","5","19:55:13","천호","2","3","04:05:23","19:54:13","19:55:13","00:42:12","00:44:12","04:05:23","04:07:23","04:12:23","04:18:23"
"15-536","UAM1263","6인승","6","마곡","1","4","19:56:32","성수","2","2","00:59:08","19:56:12","19:57:12","00:44:12","00:46:12","00:59:08","01:01:08","01:06:08","01:12:08"
"15-537","UAM2003","6인승","6","마곡","1","5","19:57:22","잠실","2","2","01:05:54","19:56:22","19:57:22","00:46:12","00:48:12","01:05:54","01:07:54","01:12:54","01:18:54"
"15-538","UAM1112","6인승","6","마곡","1","2","19:59:38","수서","2","1","01:06:43","21:07:12","21:08:12","00:48:12","00:50:12","01:06:43","01:08:43","01:13:43","01:19:43"
"15-539","UAM2007","6인승","6","마곡","1","5","19:59:40","봉천","2","2","01:03:58","19:58:40","19:59:40","00:50:12","00:52:12","01:03:58","01:05:58","01:10:58","01:16:58"
"15-540","UAM0600","6인승","6","마곡","1","1","20:02:02","여의도","2","1","01:05:04","20:26:12","20:27:12","00:52:12","00:54:12","01:05:04","01:07:04","01:12:04","01:18:04"
"15-541","UAM0948","6인승","6","마곡","1","4","20:08:08","목동","2","2","07:56:55","20:07:08","20:08:08","00:54:12","00:56:12","07:56:55","07:58:55","08:03:55","08:09:55"
"15-542","UAM1209","6인승","6","마곡","1","1","20:10:54","성수","2","1","01:11:08","20:27:42","20:28:42","00:56:12","00:58:12","01:11:08","01:13:08","01:18:08","01:24:08"
"15-543","UAM0817","6인승","6","마곡","1","2","20:14:25","강남","2","2","03:02:49","21:16:12","21:17:12","00:58:12","01:00:12","03:02:49","03:04:49","03:09:49","03:15:49"
"15-544","UAM0371","6인승","6","마곡","1","3","20:15:10","연신내","2","1","01:11:56","20:20:12","20:21:12","01:00:12","01:02:12","01:11:56","01:13:56","01:18:56","01:24:56"
"15-545","UAM0598","6인승","6","마곡","1","4","20:16:19","천호","2","3","04:34:27","20:16:12","20:17:12","01:02:12","01:04:12","04:34:27","04:36:27","04:41:27","04:47:27"
"15-546","UAM0158","6인승","6","마곡","1","2","20:18:28","수서","2","2","01:22:43","21:32:12","21:33:12","01:04:12","01:06:12","01:22:43","01:24:43","01:29:43","01:35:43"
"15-547","UAM0683","6인승","6","마곡","1","1","20:20:49","용산","2","1","01:18:43","20:36:12","20:37:12","01:06:12","01:08:12","01:18:43","01:20:43","01:25:43","01:31:43"
"15-548","UAM1293","6인승","6","마곡","1","4","20:23:53","상암","2","2","01:24:14","20:32:12","20:33:12","01:08:12","01:10:12","01:24:14","01:26:14","01:31:14","01:37:14"
"15-549","UAM0667","6인승","6","마곡","1","3","20:24:00","목동","2","3","08:14:55","20:28:42","20:29:42","01:10:12","01:12:12","08:14:55","08:16:55","08:21:55","08:27:55"
"15-550","UAM0117","6인승","6","마곡","1","2","20:25:30","천호","2","4","04:44:27","21:48:12","21:49:12","01:12:12","01:14:12","04:44:27","04:46:27","04:51:27","04:57:27"
"15-551","UAM0652","6인승","6","마곡","1","1","20:27:13","성수","2","2","01:29:08","20:37:42","20:38:42","01:14:12","01:16:12","01:29:08","01:31:08","01:36:08","01:42:08"
"15-552","UAM0557","6인승","6","마곡","1","3","20:27:49","가산","2","1","01:31:54","20:30:12","20:31:12","01:16:12","01:18:12","01:31:54","01:33:54","01:38:54","01:44:54"
"15-553","UAM0057","6인승","6","마곡","1","3","20:28:46","미아","2","3","01:33:56","20:31:42","20:32:42","01:18:12","01:20:12","01:33:56","01:35:56","01:40:56","01:46:56"
"15-554","UAM0540","6인승","6","마곡","1","2","20:29:49","봉천","2","1","01:33:58","22:04:12","22:05:12","01:20:12","01:22:12","01:33:58","01:35:58","01:40:58","01:46:58"
"15-555","UAM1064","6인승","6","마곡","1","4","20:32:47","광화문","2","3","01:37:25","20:33:42","20:34:42","01:22:12","01:24:12","01:37:25","01:39:25","01:44:25","01:50:25"
"15-556","UAM1237","6인승","6","마곡","1","1","20:36:11","망우","2","2","01:43:46","20:46:12","20:47:12","01:24:12","01:26:12","01:43:46","01:45:46","01:50:46","01:56:46"
"15-557","UAM0062","6인승","6","마곡","1","2","20:38:03","사당","2","1","01:40:41","22:20:12","22:21:12","01:26:12","01:28:12","01:40:41","01:42:41","01:47:41","01:53:41"
"15-558","UAM1314","6인승","6","마곡","1","3","20:39:57","잠실","2","1","01:44:57","20:40:12","20:41:12","01:28:12","01:30:12","01:44:57","01:46:57","01:51:57","01:57:57"
"15-559","UAM2053","6인승","6","마곡","1","5","20:41:01","성수","2","2","01:45:08","20:40:01","20:41:01","01:30:12","01:32:12","01:45:08","01:47:08","01:52:08","01:58:08"
"15-560","UAM2054","6인승","6","마곡","1","6","20:41:15","강남","2","4","03:28:49","20:40:15","20:41:15","01:32:12","01:34:12","03:28:49","03:30:49","03:35:49","03:41:49"
"15-561","UAM0924","6인승","6","마곡","1","4","20:43:25","연신내","2","2","01:48:02","20:42:25","20:43:25","01:34:12","01:36:12","01:48:02","01:50:02","01:55:02","02:01:02"
"15-562","UAM1039","6인승","6","마곡","1","2","20:49:45","천호","2","3","05:11:23","22:28:42","22:29:42","01:36:12","01:38:12","05:11:23","05:13:23","05:18:23","05:24:23"
"15-563","UAM0935","6인승","6","마곡","1","4","20:53:55","목동","2","3","08:58:55","21:00:12","21:01:12","01:38:12","01:40:12","08:58:55","09:00:55","09:05:55","09:11:55"
"15-564","UAM1011","6인승","6","마곡","1","1","20:55:32","강남","2","2","03:38:49","21:02:12","21:03:12","01:40:12","01:42:12","03:38:49","03:40:49","03:45:49","03:51:49"
"15-565","UAM0572","6인승","6","마곡","1","1","20:58:19","가산","2","1","01:57:54","21:03:42","21:04:42","01:42:12","01:44:12","01:57:54","01:59:54","02:04:54","02:10:54"
"15-566","UAM0833","6인승","6","마곡","1","3","20:58:39","성수","2","1","01:59:08","20:58:12","20:59:12","01:44:12","01:46:12","01:59:08","02:01:08","02:06:08","02:12:08"
"15-567","UAM0741","6인승","6","마곡","1","2","20:58:41","수서","2","1","02:04:43","22:30:12","22:31:12","01:46:12","01:48:12","02:04:43","02:06:43","02:11:43","02:17:43"
"15-568","UAM1341","6인승","6","마곡","1","4","21:02:12","망우","2","3","02:13:46","21:08:42","21:09:42","01:48:12","01:50:12","02:13:46","02:15:46","02:20:46","02:26:46"
"15-569","UAM0684","6인승","6","마곡","1","2","21:04:11","여의도","2","2","02:03:04","22:46:12","22:47:12","01:50:12","01:52:12","02:03:04","02:05:04","02:10:04","02:16:04"
"15-570","UAM0383","6인승","6","마곡","1","1","21:04:26","천호","2","3","05:26:27","21:05:12","21:06:12","01:52:12","01:54:12","05:26:27","05:28:27","05:33:27","05:39:27"
"15-571","UAM0416","6인승","6","마곡","1","3","21:07:33","목동","2","3","09:24:55","21:06:42","21:07:42","01:54:12","01:56:12","09:24:55","09:26:55","09:31:55","09:37:55"
"15-572","UAM1350","6인승","6","마곡","1","4","21:11:10","봉천","2","2","02:10:37","21:10:12","21:11:12","01:56:12","01:58:12","02:10:37","02:12:37","02:17:37","02:23:37"
"15-573","UAM0747","6인승","6","마곡","1","5","21:11:11","광화문","2","1","02:12:54","21:10:12","21:11:12","01:58:12","02:00:12","02:12:54","02:14:54","02:19:54","02:25:54"
"15-574","UAM0895","6인승","6","마곡","1","3","21:11:44","강남","2","3","03:56:49","21:18:12","21:19:12","02:00:12","02:02:12","03:56:49","03:58:49","04:03:49","04:09:49"
"15-575","UAM2077","6인승","6","마곡","1","6","21:11:53","잠실","2","1","02:18:57","21:10:53","21:11:53","02:02:12","02:04:12","02:18:57","02:20:57","02:25:57","02:31:57"
"15-576","UAM1287","6인승","6","마곡","1","1","21:16:05","상암","2","1","02:17:47","21:22:12","21:23:12","02:04:12","02:06:12","02:17:47","02:19:47","02:24:47","02:30:47"
"15-577","UAM0763","6인승","6","마곡","1","2","21:17:26","수서","2","1","02:24:43","23:02:12","23:03:12","02:06:12","02:08:12","02:24:43","02:26:43","02:31:43","02:37:43"
"15-578","UAM1364","6인승","6","마곡","1","1","21:24:53","여의도","2","1","02:21:04","21:38:12","21:39:12","02:08:12","02:10:12","02:21:04","02:23:04","02:28:04","02:34:04"
"15-579","UAM1365","6인승","6","마곡","1","3","21:25:49","사당","2","1","02:24:41","21:34:12","21:35:12","02:10:12","02:12:12","02:24:41","02:26:41","02:31:41","02:37:41"
"15-580","UAM0555","6인승","6","마곡","1","4","21:28:38","미아","2","2","02:27:56","21:27:38","21:28:38","02:12:12","02:14:12","02:27:56","02:29:56","02:34:56","02:40:56"
